lilly_id,nct_id,title,phase,lead_sponsor,start_date,doc_type,filename,status,local_path,timestamp
I8F-MC-GPIN,NCT05978713,A Study of Tirzepatide (LY3298176) in Healthy Lactating Females,Phase 1,Eli Lilly and Company,2023-07-31,Prot,Prot_000.pdf,downloaded,lilly_trial_docs/I8F-MC-GPIN_31JUL2023/Prot_Prot_000.pdf,2026-06-15T12:13:17.315044
I8F-MC-GPIN,NCT05978713,A Study of Tirzepatide (LY3298176) in Healthy Lactating Females,Phase 1,Eli Lilly and Company,2023-07-31,SAP,SAP_001.pdf,downloaded,lilly_trial_docs/I8F-MC-GPIN_31JUL2023/SAP_SAP_001.pdf,2026-06-15T12:13:19.342721
J2A-MC-GZGM,NCT05469126,A Drug Interaction Study of Clarithromycin and LY3502970 in Healthy Participants,Phase 1,Eli Lilly and Company,2022-08-01,Prot,Prot_000.pdf,downloaded,lilly_trial_docs/J2A-MC-GZGM_01AUG2022/Prot_Prot_000.pdf,2026-06-15T12:13:24.041266
J2A-MC-GZGM,NCT05469126,A Drug Interaction Study of Clarithromycin and LY3502970 in Healthy Participants,Phase 1,Eli Lilly and Company,2022-08-01,SAP,SAP_001.pdf,downloaded,lilly_trial_docs/J2A-MC-GZGM_01AUG2022/SAP_SAP_001.pdf,2026-06-15T12:13:25.010414
J1I-MC-GZBT,NCT05916560,A Study of LY3437943 in Participants With Impaired and Normal Liver Function,Phase 1,Eli Lilly and Company,2023-07-13,N/A,N/A,no_documents,,2026-06-15T12:13:25.010632
I7P-MC-DSAI,NCT07545590,A Study of Eltrekibart (LY3041658) in Healthy Participants,Phase 1,Eli Lilly and Company,2026-04,N/A,N/A,no_documents,,2026-06-15T12:13:25.010691
J2J-MC-JZLF,NCT05509790,A Study of LY3484356 in Chinese Participants With Advanced Breast Cancer,Phase 1,Eli Lilly and Company,2022-10-09,N/A,N/A,no_documents,,2026-06-15T12:13:25.010739
21-x234,NCT05007769,"Ramucirumab, Atezolizumab and N-803 After Progression on Any Immune Checkpoint Blocker in NSCLC",Phase 2,Washington University School of Medicine,2021-10-31,N/A,N/A,no_documents,,2026-06-15T12:13:25.010791
J3L-MC-EZEB,NCT05565742,A Study of LY3819469 in Participants With Elevated Lipoprotein(a) [Lp(a)],Phase 2,Eli Lilly and Company,2022-10-20,Prot,Prot_000.pdf,downloaded,lilly_trial_docs/J3L-MC-EZEB_20OCT2022/Prot_Prot_000.pdf,2026-06-15T12:13:26.170865
J3L-MC-EZEB,NCT05565742,A Study of LY3819469 in Participants With Elevated Lipoprotein(a) [Lp(a)],Phase 2,Eli Lilly and Company,2022-10-20,SAP,SAP_002.pdf,downloaded,lilly_trial_docs/J3L-MC-EZEB_20OCT2022/SAP_SAP_002.pdf,2026-06-15T12:13:27.246966
J3K-MC-KIAC,NCT06859294,A Study of LY3541860 in Adult Participants With Moderately to Severely Active Rheumatoid Arthritis,Phase 2,Eli Lilly and Company,2025-03-19,N/A,N/A,no_documents,,2026-06-15T12:13:27.247480
J5E-OX-JZXA,NCT06400472,A Study of LY4170156 in Participants With Selected Advanced Solid Tumors,Phase 1,Eli Lilly and Company,2024-05-20,N/A,N/A,no_documents,,2026-06-15T12:13:27.247622
J6C-OX-JKFA,NCT07114601,A Study of LY4257496 in Participants With Cancer (OMNIRAY),Phase 1,Eli Lilly and Company,2025-08-06,N/A,N/A,no_documents,,2026-06-15T12:13:27.247728
NCI-2023-06254,NCT05985954,Open-label Phase 1b Study of Ulixertinib and Cetuximab or Ulixertinib in Combination With Cetuximab and Encorafenib in Patients With Unresectable or Metastatic Colorectal Cancer Who Have Previously Received EGFR or BRAF-directed Therapy,Phase 1,M.D. Anderson Cancer Center,2024-01-18,N/A,N/A,no_documents,,2026-06-15T12:13:27.247822
J2T-MC-KGBO,NCT05369403,A Study of Lebrikizumab (LY3650150) in Adult and Adolescent Participants With Moderate-to-Severe Atopic Dermatitis Previously Treated With Dupilumab,Phase 3,Eli Lilly and Company,2022-12-19,Prot,Prot_000.pdf,downloaded,lilly_trial_docs/J2T-MC-KGBO_19DEC2022/Prot_Prot_000.pdf,2026-06-15T12:13:28.676154
J2T-MC-KGBO,NCT05369403,A Study of Lebrikizumab (LY3650150) in Adult and Adolescent Participants With Moderate-to-Severe Atopic Dermatitis Previously Treated With Dupilumab,Phase 3,Eli Lilly and Company,2022-12-19,SAP,SAP_001.pdf,downloaded,lilly_trial_docs/J2T-MC-KGBO_19DEC2022/SAP_SAP_001.pdf,2026-06-15T12:13:30.893666
COVER-Main,NCT05080218,COVID-19 VaccinE Response in Rheumatology Patients,Phase 4,Jeffrey Curtis,2021-11-15,N/A,N/A,no_documents,,2026-06-15T12:13:30.893895
J4M-MC-PW01,NCT06672939,"A Study of Orforglipron (LY3502970) in Adolescent Participants With Obesity, or Overweight With Related Comorbidities",Phase 3,Eli Lilly and Company,2024-11-18,N/A,N/A,no_documents,,2026-06-15T12:13:30.894051
J2J-MC-JZLL,NCT07287098,A Study of Imlunestrant (LY3484356) in Premenopausal Women With Estrogen Receptor-Positive (ER+) Human Epidermal Growth Factor Receptor 2 Negative (HER2-) Early Breast Cancer,Phase 2,Eli Lilly and Company,2026-05,N/A,N/A,no_documents,,2026-06-15T12:13:30.894126
ATRI-016,NCT06911944,Amyloid Lowering for Alzheimer's in Down's With Donanemab Investigation,Phase 4,"Michael Rafii, MD, PhD",2026-08-01,N/A,N/A,no_documents,,2026-06-15T12:13:30.894231
J2A-MC-GZGE,NCT05048719,A Study of LY3502970 in Participants With Type 2 Diabetes Mellitus,Phase 2,Eli Lilly and Company,2021-09-15,Prot,Prot_000.pdf,downloaded,lilly_trial_docs/J2A-MC-GZGE_15SEP2021/Prot_Prot_000.pdf,2026-06-15T12:13:32.718595
J2A-MC-GZGE,NCT05048719,A Study of LY3502970 in Participants With Type 2 Diabetes Mellitus,Phase 2,Eli Lilly and Company,2021-09-15,SAP,SAP_001.pdf,downloaded,lilly_trial_docs/J2A-MC-GZGE_15SEP2021/SAP_SAP_001.pdf,2026-06-15T12:13:33.763434
J2N-MC-JZNW,NCT05176314,A Drug Drug Interaction (DDI) Study of Pirtobrutinib (LY3527727) and Rosuvastatin in Healthy Participants,Phase 1,"Loxo Oncology, Inc.",2022-01-11,Prot,Prot_000.pdf,downloaded,lilly_trial_docs/J2N-MC-JZNW_11JAN2022/Prot_Prot_000.pdf,2026-06-15T12:13:35.241080
J2N-MC-JZNW,NCT05176314,A Drug Drug Interaction (DDI) Study of Pirtobrutinib (LY3527727) and Rosuvastatin in Healthy Participants,Phase 1,"Loxo Oncology, Inc.",2022-01-11,SAP,SAP_001.pdf,downloaded,lilly_trial_docs/J2N-MC-JZNW_11JAN2022/SAP_SAP_001.pdf,2026-06-15T12:13:36.625902
LAE102INT1003,NCT06908707,"A Study to Investigate Safety, Tolerability and Pharmacokinetics of LAE102 in Postmenopausal Women",Phase 1,Laekna Limited,2025-04-22,N/A,N/A,no_documents,,2026-06-15T12:13:36.626034
J4G-OX-JZVA,NCT05614739,FORAGER-1: A Study of LOXO-435 (LY3866288) in Participants With Cancer With a Change in a Gene Called FGFR3,Phase 1,Eli Lilly and Company,2023-01-12,N/A,N/A,no_documents,,2026-06-15T12:13:36.626067
J3H-MC-GZNI,NCT07085468,A Study of LY3549492 in Healthy Weight Adult Participants,Phase 2,Eli Lilly and Company,2025-07-21,N/A,N/A,no_documents,,2026-06-15T12:13:36.626091
J2A-MC-GZGO,NCT06085482,A Phase I Study of LY3502970 in Healthy Participants,Phase 1,Eli Lilly and Company,2023-10-19,Prot,Prot_000.pdf,downloaded,lilly_trial_docs/J2A-MC-GZGO_19OCT2023/Prot_Prot_000.pdf,2026-06-15T12:13:38.002525
J2A-MC-GZGO,NCT06085482,A Phase I Study of LY3502970 in Healthy Participants,Phase 1,Eli Lilly and Company,2023-10-19,SAP,SAP_001.pdf,downloaded,lilly_trial_docs/J2A-MC-GZGO_19OCT2023/SAP_SAP_001.pdf,2026-06-15T12:13:39.117073
J2N-MC-JZNY,NCT06876649,A Master Protocol to Evaluate the Long-Term Safety of (LY3527727) Pirtobrutinib,Phase 4,Eli Lilly and Company,2025-05-20,N/A,N/A,no_documents,,2026-06-15T12:13:39.117498
70131,NCT05912621,Tirzepatide: Reversal of Lipotoxicity and Adipose Tissue Dysfunction in Humans With Overweight/Obesity,Phase 2,Stanford University,2023-11-09,N/A,N/A,no_documents,,2026-06-15T12:13:39.117537
I6T-MC-AMBZ,NCT05767021,A Study of Mirikizumab (LY3074828) in Participants With Moderately to Severely Active Ulcerative Colitis,Phase 3,Eli Lilly and Company,2023-05-17,Prot,Prot_000.pdf,downloaded,lilly_trial_docs/I6T-MC-AMBZ_17MAY2023/Prot_Prot_000.pdf,2026-06-15T12:13:42.860323
I6T-MC-AMBZ,NCT05767021,A Study of Mirikizumab (LY3074828) in Participants With Moderately to Severely Active Ulcerative Colitis,Phase 3,Eli Lilly and Company,2023-05-17,SAP,SAP_001.pdf,downloaded,lilly_trial_docs/I6T-MC-AMBZ_17MAY2023/SAP_SAP_001.pdf,2026-06-15T12:13:45.389589
J2N-MC-JZ01,NCT06876662,A Study of (LY3527727) Pirtobrutinib in Participants With Previously Treated Chronic Lymphocytic Leukemia/Small Lymphocytic Lymphoma or Non-Hodgkin Lymphoma,Phase 4,Eli Lilly and Company,2025-05-20,N/A,N/A,no_documents,,2026-06-15T12:13:45.390024
J2V-MC-GZLA,NCT04923269,A Study of LY3532226 in Healthy Participants,Phase 1,Eli Lilly and Company,2021-06-10,N/A,N/A,no_documents,,2026-06-15T12:13:45.390159
NCI-2019-03381,NCT03986502,Financial Navigation Intervention in Improving Financial and Clinical Outcomes in Patients With Newly Diagnosed Gastric or Gastroesophageal Junction Adenocarcinoma,N/A,Fred Hutchinson Cancer Center,2021-01-22,N/A,N/A,no_protocol_or_sap (available: ['ICF']),,2026-06-15T12:13:45.390274
J4C-OX-JZUE,NCT06102512,A Study of [14C]-LOXO-783 in Healthy Adult Participants,Phase 1,Eli Lilly and Company,2023-10-23,N/A,N/A,no_documents,,2026-06-15T12:13:45.390364
15268,NCT05577169,Incorporating Mind-body Skills With Diabetes Education in Adolescents With Type 1 Diabetes,N/A,Indiana University,2022-09-14,N/A,N/A,no_documents,,2026-06-15T12:13:45.390437
NCI-2024-06175,NCT06522386,"GATE1: A Multicenter Phase II Study of Pirtobrutinib, Rituximab and Venetoclax Combination Therapy for Patients With Previously Untreated Mantle Cell Lymphoma",Phase 2,M.D. Anderson Cancer Center,2025-01-30,N/A,N/A,no_documents,,2026-06-15T12:13:45.390507
F3Z-MC-IORW,NCT05893797,A Study of LY8888AX in Participants Using a Connected Insulin Management Platform,N/A,Eli Lilly and Company,2023-10-05,Prot,Prot_000.pdf,downloaded,lilly_trial_docs/F3Z-MC-IORW_05OCT2023/Prot_Prot_000.pdf,2026-06-15T12:13:46.793506
F3Z-MC-IORW,NCT05893797,A Study of LY8888AX in Participants Using a Connected Insulin Management Platform,N/A,Eli Lilly and Company,2023-10-05,SAP,SAP_001.pdf,downloaded,lilly_trial_docs/F3Z-MC-IORW_05OCT2023/SAP_SAP_001.pdf,2026-06-15T12:13:48.163509
J1V-MC-BT01,NCT05123586,A IMMA Master Protocol: A Study of LY3361237 in Participants With at Least Moderately Active Systemic Lupus Erythematosus,Phase 2,Eli Lilly and Company,2022-03-07,Prot,Prot_000.pdf,downloaded,lilly_trial_docs/J1V-MC-BT01_07MAR2022/Prot_Prot_000.pdf,2026-06-15T12:13:50.297229
J1V-MC-BT01,NCT05123586,A IMMA Master Protocol: A Study of LY3361237 in Participants With at Least Moderately Active Systemic Lupus Erythematosus,Phase 2,Eli Lilly and Company,2022-03-07,Prot,Prot_001.pdf,downloaded,lilly_trial_docs/J1V-MC-BT01_07MAR2022/Prot_Prot_001.pdf,2026-06-15T12:13:53.154342
J1V-MC-BT01,NCT05123586,A IMMA Master Protocol: A Study of LY3361237 in Participants With at Least Moderately Active Systemic Lupus Erythematosus,Phase 2,Eli Lilly and Company,2022-03-07,SAP,SAP_002.pdf,downloaded,lilly_trial_docs/J1V-MC-BT01_07MAR2022/SAP_SAP_002.pdf,2026-06-15T12:13:55.455367
J1V-MC-BT01,NCT05123586,A IMMA Master Protocol: A Study of LY3361237 in Participants With at Least Moderately Active Systemic Lupus Erythematosus,Phase 2,Eli Lilly and Company,2022-03-07,SAP,SAP_003.pdf,downloaded,lilly_trial_docs/J1V-MC-BT01_07MAR2022/SAP_SAP_003.pdf,2026-06-15T12:13:56.953824
J2J-MC-JZLI,NCT05444556,A Study of Imlunestrant (LY3484356) in Female Healthy Participants,Phase 1,Eli Lilly and Company,2022-07-07,Prot,Prot_000.pdf,downloaded,lilly_trial_docs/J2J-MC-JZLI_07JUL2022/Prot_Prot_000.pdf,2026-06-15T12:13:58.282136
J2J-MC-JZLI,NCT05444556,A Study of Imlunestrant (LY3484356) in Female Healthy Participants,Phase 1,Eli Lilly and Company,2022-07-07,SAP,SAP_001.pdf,downloaded,lilly_trial_docs/J2J-MC-JZLI_07JUL2022/SAP_SAP_001.pdf,2026-06-15T12:13:59.295938
I3Y-MC-JPEI,NCT05999968,Abemaciclib Plus Darolutamide in Prostate Cancer That Has Spread After Initial Treatment,Phase 1,Eli Lilly and Company,2024-01-12,N/A,N/A,no_documents,,2026-06-15T12:13:59.296565
PekingUMCH-HS-3023D,NCT05016297,Efficacy and Safety of Baricitinib in Sjogren's Syndrome,Phase 2,Peking Union Medical College Hospital,2022-07-14,N/A,N/A,no_documents,,2026-06-15T12:13:59.296844
J2O-JE-EKBB,NCT05038787,A Study of LY3473329 in Healthy Japanese Participants,Phase 1,Eli Lilly and Company,2021-11-11,N/A,N/A,no_documents,,2026-06-15T12:13:59.297141
J3M-MC-JZQH,NCT06890598,Study of Olomorasib (LY3537982) in Combination With Standard of Care in Participants With Resected or Unresectable KRAS G12C-mutant Non-Small Cell Lung Cancer,Phase 3,Eli Lilly and Company,2025-03-27,N/A,N/A,no_documents,,2026-06-15T12:13:59.297390
H7K-MC-O005,NCT04848402,A Device Study in Healthy Participants,Phase 1,Eli Lilly and Company,2021-09-27,N/A,N/A,no_documents,,2026-06-15T12:13:59.297707
J1I-MC-GZBD,NCT04867785,A Study of LY3437943 in Participants With Type 2 Diabetes,Phase 2,Eli Lilly and Company,2021-05-13,Prot,Prot_000.pdf,downloaded,lilly_trial_docs/J1I-MC-GZBD_13MAY2021/Prot_Prot_000.pdf,2026-06-15T12:14:00.693168
J1I-MC-GZBD,NCT04867785,A Study of LY3437943 in Participants With Type 2 Diabetes,Phase 2,Eli Lilly and Company,2021-05-13,SAP,SAP_001.pdf,downloaded,lilly_trial_docs/J1I-MC-GZBD_13MAY2021/SAP_SAP_001.pdf,2026-06-15T12:14:01.842106
H0P-MC-BP02,NCT05086289,Chronic Pain Master Protocol (CPMP): A Study of LY3526318 in Participants With Chronic Low Back Pain,Phase 2,Eli Lilly and Company,2021-10-25,Prot,Prot_002.pdf,downloaded,lilly_trial_docs/H0P-MC-BP02_25OCT2021/Prot_Prot_002.pdf,2026-06-15T12:14:03.818244
H0P-MC-BP02,NCT05086289,Chronic Pain Master Protocol (CPMP): A Study of LY3526318 in Participants With Chronic Low Back Pain,Phase 2,Eli Lilly and Company,2021-10-25,SAP,SAP_003.pdf,downloaded,lilly_trial_docs/H0P-MC-BP02_25OCT2021/SAP_SAP_003.pdf,2026-06-15T12:14:04.829539
J3H-GH-GZNH,NCT07073170,A Study of LY3549492 in Chinese Participants With Type 2 Diabetes Mellitus,Phase 1,Eli Lilly and Company,2025-07-25,N/A,N/A,no_documents,,2026-06-15T12:14:04.830380
J6E-MC-KWAB,NCT06226883,A Phase 2 Study to Evaluate MORF-057 in Adults With Moderately to Severely Active Crohn's Disease,Phase 2,"Morphic Therapeutic, Inc. (A Wholly Owned Subsidiary of Eli Lilly and Company)",2024-07-18,N/A,N/A,no_documents,,2026-06-15T12:14:04.830596
J3X-MC-LYGA,NCT05492201,A Study of LY3873862 in Healthy Participants,Phase 1,Eli Lilly and Company,2022-08-11,N/A,N/A,no_documents,,2026-06-15T12:14:04.830795
J6I-MC-OWAA,NCT07100119,A Study of LY4256984 in Participants With Sporadic Amyotrophic Lateral Sclerosis,Phase 1,Eli Lilly and Company,2025-08-05,N/A,N/A,no_documents,,2026-06-15T12:14:04.830941
I8F-MC-GPIX,NCT06439277,A Study of Tirzepatide in Adolescents With Obesity and Weight-Related Comorbidities (SURMOUNT-ADOLESCENTS-2),Phase 3,Eli Lilly and Company,2024-06-03,N/A,N/A,no_documents,,2026-06-15T12:14:04.831051
I8F-MC-GPIA,NCT05024032,A Study of Tirzepatide (LY3298176) in Chinese Participants Without Type 2 Diabetes Who Have Obesity or Overweight (SURMOUNT-CN),Phase 3,Eli Lilly and Company,2021-09-01,Prot,Prot_000.pdf,downloaded,lilly_trial_docs/I8F-MC-GPIA_01SEP2021/Prot_Prot_000.pdf,2026-06-15T12:14:06.425312
I8F-MC-GPIA,NCT05024032,A Study of Tirzepatide (LY3298176) in Chinese Participants Without Type 2 Diabetes Who Have Obesity or Overweight (SURMOUNT-CN),Phase 3,Eli Lilly and Company,2021-09-01,SAP,SAP_001.pdf,downloaded,lilly_trial_docs/I8F-MC-GPIA_01SEP2021/SAP_SAP_001.pdf,2026-06-15T12:14:07.463587
J6E-MC-KWAD,NCT05611671,A Study to Evaluate MORF-057 in Adults With Moderately to Severely Active UC,Phase 2,"Morphic Therapeutic, Inc. (A Wholly Owned Subsidiary of Eli Lilly and Company)",2022-11-21,Prot,Prot_000.pdf,downloaded,lilly_trial_docs/J6E-MC-KWAD_21NOV2022/Prot_Prot_000.pdf,2026-06-15T12:14:08.869830
J6E-MC-KWAD,NCT05611671,A Study to Evaluate MORF-057 in Adults With Moderately to Severely Active UC,Phase 2,"Morphic Therapeutic, Inc. (A Wholly Owned Subsidiary of Eli Lilly and Company)",2022-11-21,SAP,SAP_001.pdf,downloaded,lilly_trial_docs/J6E-MC-KWAD_21NOV2022/SAP_SAP_001.pdf,2026-06-15T12:14:09.899815
J1R-MC-GZFD,NCT06897475,A Study of LY3457263 Compared With Placebo in Participants With Type 2 Diabetes on a Stable Dose of Semaglutide or Tirzepatide,Phase 2,Eli Lilly and Company,2025-03-28,N/A,N/A,no_documents,,2026-06-15T12:14:09.900573
CorEvitas-VITALITY,NCT06354101,"The Purpose of This Registry Study is to Learn More About Metabolic Health: Approximately 15,000 Participants Who Are Overweight or Have Obesity With or Without Metabolic Diseases Are Expected to Participate in This Registry Study.",N/A (Observational),CorEvitas,2023-07-01,N/A,N/A,no_documents,,2026-06-15T12:14:09.900772
STUDY00009759,NCT07209267,Baricitinib Curative Repression of HIV-1,Phase 2,Emory University,2026-07,N/A,N/A,no_documents,,2026-06-15T12:14:09.901002
I8F-MC-GPIH,NCT05564039,A Study of Tirzepatide (LY3298176) in Adult Participants With Type 2 Diabetes Switching From Dulaglutide (SURPASS-SWITCH),Phase 4,Eli Lilly and Company,2022-11-30,Prot,Prot_000.pdf,downloaded,lilly_trial_docs/I8F-MC-GPIH_30NOV2022/Prot_Prot_000.pdf,2026-06-15T12:14:11.282320
I8F-MC-GPIH,NCT05564039,A Study of Tirzepatide (LY3298176) in Adult Participants With Type 2 Diabetes Switching From Dulaglutide (SURPASS-SWITCH),Phase 4,Eli Lilly and Company,2022-11-30,SAP,SAP_001.pdf,downloaded,lilly_trial_docs/I8F-MC-GPIH_30NOV2022/SAP_SAP_001.pdf,2026-06-15T12:14:12.287831
N1T-MC-MALO,NCT07165028,A Master Protocol of Multiple Agents in Adults With Metabolic Dysfunction-Associated Steatotic Liver Disease (SYNERGY-Outcomes),Phase 3,Eli Lilly and Company,2025-10-15,N/A,N/A,no_documents,,2026-06-15T12:14:12.288178
I9Y-OX-JDHF,NCT05205447,Study of the Effects of Itraconazole and Carbamazepine on LY3410738 in Healthy Participants,Phase 1,Eli Lilly and Company,2022-01-05,N/A,N/A,no_documents,,2026-06-15T12:14:12.288347
H7I-MC-S033,NCT07485153,A Study to Compare Two Different Sleep Tests in Participants With No Symptoms or Early Symptoms of Alzheimer's Disease,N/A (Observational),Eli Lilly and Company,2026-03,N/A,N/A,no_documents,,2026-06-15T12:14:12.288445
I5T-MC-AACQ,NCT05738486,A Study of Different Donanemab (LY3002813) Dosing Regimens in Adults With Early Alzheimer's Disease (TRAILBLAZER-ALZ 6),Phase 3,Eli Lilly and Company,2023-02-28,Prot,Prot_000.pdf,downloaded,lilly_trial_docs/I5T-MC-AACQ_28FEB2023/Prot_Prot_000.pdf,2026-06-15T12:14:13.319954
I5T-MC-AACQ,NCT05738486,A Study of Different Donanemab (LY3002813) Dosing Regimens in Adults With Early Alzheimer's Disease (TRAILBLAZER-ALZ 6),Phase 3,Eli Lilly and Company,2023-02-28,SAP,SAP_001.pdf,downloaded,lilly_trial_docs/I5T-MC-AACQ_28FEB2023/SAP_SAP_001.pdf,2026-06-15T12:14:14.319052
J2S-MC-GZME,NCT07219966,A Study of Brenipatide in Participants With Moderate-to-Severe Alcohol Use Disorder,Phase 3,Eli Lilly and Company,2025-10-15,N/A,N/A,no_documents,,2026-06-15T12:14:14.319277
24-2214,NCT06864403,Mirikizumab in the Treatment of Chronic Inflammatory Conditions of the Pouch,Phase 4,"University of North Carolina, Chapel Hill",2025-08-12,N/A,N/A,no_documents,,2026-06-15T12:14:14.319355
J3M-MC-JZQC,NCT06235983,A Study of LY3537982 in Chinese Participants With Advanced Solid Tumors,Phase 1,Eli Lilly and Company,2024-02-29,N/A,N/A,no_documents,,2026-06-15T12:14:14.319429
J3P-MC-FTAE,NCT06049108,A Study of Carbon-14-Labelled [14C] LY3871801 in Healthy Male Participants,Phase 1,Eli Lilly and Company,2023-09-15,N/A,N/A,no_documents,,2026-06-15T12:14:14.319492
J3V-MC-KKAA,NCT05486208,A Study of LY3844583 in Healthy Participants and Participants With Atopic Dermatitis,Phase 1,Eli Lilly and Company,2022-08-11,N/A,N/A,no_documents,,2026-06-15T12:14:14.319544
J6T-MC-KYAA,NCT07258849,A Study of LY4213663 in Healthy Participants and Participants With Rheumatoid Arthritis,Phase 1,Eli Lilly and Company,2025-12-02,N/A,N/A,no_documents,,2026-06-15T12:14:14.319592
I8F-MC-GPIQ,NCT06047548,A Study of LY3298176 (Tirzepatide) For the Maintenance of Body Weight Reduction in Participants Who Have Obesity or Overweight With Weight-Related Comorbidities,Phase 3,Eli Lilly and Company,2023-09-20,N/A,N/A,no_documents,,2026-06-15T12:14:14.319652
H6O-MC-O016,NCT04682184,A Study of Continuous Heart Rate Monitoring in Healthy Participants,N/A,Eli Lilly and Company,2021-01-27,N/A,N/A,no_documents,,2026-06-15T12:14:14.319708
J1X-MC-GZHF,NCT04682106,A Study of LY3493269 in Healthy Participants,Phase 1,Eli Lilly and Company,2021-05-03,Prot,Prot_000.pdf,downloaded,lilly_trial_docs/J1X-MC-GZHF_03MAY2021/Prot_Prot_000.pdf,2026-06-15T12:14:15.832561
J1X-MC-GZHF,NCT04682106,A Study of LY3493269 in Healthy Participants,Phase 1,Eli Lilly and Company,2021-05-03,SAP,SAP_001.pdf,downloaded,lilly_trial_docs/J1X-MC-GZHF_03MAY2021/SAP_SAP_001.pdf,2026-06-15T12:14:17.450117
J4P-MC-IYAA,NCT06132126,A Study to Investigate the Safety and Tolerability of LY3938577 in Healthy Participants and Participants With Type 2 Diabetes Mellitus,Phase 1,Eli Lilly and Company,2023-11-17,N/A,N/A,no_documents,,2026-06-15T12:14:17.450466
J5M-OX-JOXA,NCT06561685,A Study of LY4050784 in Participants With Advanced or Metastatic Solid Tumors,Phase 1,Eli Lilly and Company,2024-09-19,N/A,N/A,no_documents,,2026-06-15T12:14:17.450585
I8F-MC-GPIV,NCT06373146,A Study of Tirzepatide (LY3298176) Plus Mibavademab Compared With Tirzepatide Alone in Adult Participants With Obesity,Phase 2,Eli Lilly and Company,2024-04-24,N/A,N/A,no_documents,,2026-06-15T12:14:17.450654
MCC-23204,NCT06855212,Phase II Study of Neoadjuvant Cetuximab and Cemiplimab in Patients Undergoing Surgery for HNSCC,Phase 2,H. Lee Moffitt Cancer Center and Research Institute,2025-02-26,N/A,N/A,no_documents,,2026-06-15T12:14:17.450750
22-075,NCT05714072,A Study of Ruxolitinib in Combination With Abemaciclib for the Treatment of Myelofibrosis,Phase 1,Memorial Sloan Kettering Cancer Center,2023-01-25,N/A,N/A,no_documents,,2026-06-15T12:14:17.450846
I9Y-OX-JDHD,NCT06181045,A Study of LY3410738 in Healthy Adult Participants,Phase 1,Eli Lilly and Company,2021-02-24,N/A,N/A,no_documents,,2026-06-15T12:14:17.450913
I5T-MC-AACV,NCT07589595,A Study of Donanemab (LY3002813) in Participants With Early Cognitive Decline (TRAILBLAZER-ALZ 7),Phase 2,Eli Lilly and Company,2026-05,N/A,N/A,no_documents,,2026-06-15T12:14:17.450998
J3E-MC-EZDB,NCT05592275,A Study of LY3540378 in Participants With Worsening Chronic Heart Failure With Preserved Ejection Fraction (HFpEF),Phase 2,Eli Lilly and Company,2023-02-03,Prot,Prot_000.pdf,downloaded,lilly_trial_docs/J3E-MC-EZDB_03FEB2023/Prot_Prot_000.pdf,2026-06-15T12:14:18.716850
J3E-MC-EZDB,NCT05592275,A Study of LY3540378 in Participants With Worsening Chronic Heart Failure With Preserved Ejection Fraction (HFpEF),Phase 2,Eli Lilly and Company,2023-02-03,SAP,SAP_001.pdf,downloaded,lilly_trial_docs/J3E-MC-EZDB_03FEB2023/SAP_SAP_001.pdf,2026-06-15T12:14:19.822532
W8M-MC-CWMM,NCT06143956,A Master Protocol Study (LY900038) of Multiple Intervention-Specific-Appendices (ISAs) in Adult Participants With Obesity or Overweight,Phase 2,Eli Lilly and Company,2023-11-17,Prot,Prot_000.pdf,downloaded,lilly_trial_docs/W8M-MC-CWMM_17NOV2023/Prot_Prot_000.pdf,2026-06-15T12:14:22.278728
22-611,NCT05734495,Pirtobrutinib and Venetoclax in Waldenström Macroglobulinemia,Phase 2,Dana-Farber Cancer Institute,2023-05-02,N/A,N/A,no_documents,,2026-06-15T12:14:22.278972
J4L-MC-KMAA,NCT06119529,A Study of LY3872386 in Healthy Participants and Participants With Atopic Dermatitis,Phase 1,Eli Lilly and Company,2023-11-01,Prot,Prot_000.pdf,downloaded,lilly_trial_docs/J4L-MC-KMAA_01NOV2023/Prot_Prot_000.pdf,2026-06-15T12:14:23.635007
J4L-MC-KMAA,NCT06119529,A Study of LY3872386 in Healthy Participants and Participants With Atopic Dermatitis,Phase 1,Eli Lilly and Company,2023-11-01,SAP,SAP_001.pdf,downloaded,lilly_trial_docs/J4L-MC-KMAA_01NOV2023/SAP_SAP_001.pdf,2026-06-15T12:14:24.970283
J1I-MC-GZBG,NCT05757531,A Study of Carbon-14-Labelled [14C] LY3437943 in Healthy Male Participants,Phase 1,Eli Lilly and Company,2023-03-17,N/A,N/A,no_documents,,2026-06-15T12:14:24.970969
2026154,NCT06240351,A Study to Evaluate the Safety and Efficacy of Baricitinib in the Treatment of Frontal Fibrosing Alopecia (FFA),Phase 4,University of Alabama at Birmingham,2024-04-22,N/A,N/A,no_documents,,2026-06-15T12:14:24.971104
J1I-MC-GZBW,NCT06313528,A Study to Measure Calorie Consumption and Usage in Participants With Obesity Using LY3437943,Phase 1,Eli Lilly and Company,2024-03-20,N/A,N/A,no_documents,,2026-06-15T12:14:24.971231
NCI-2022-09319,NCT05633602,"Ramucirumab Plus Pembrolizumab vs Usual Care for Treatment of Stage IV or Recurrent Non-Small Cell Lung Cancer Following Immunotherapy, Pragmatica-Lung Study",Phase 3,SWOG Cancer Research Network,2023-03-14,N/A,N/A,no_documents,,2026-06-15T12:14:24.971334
J6P-MC-NFAC,NCT07592572,A Study of the Effects of Itraconazole on LY4395089 in Healthy Participants,Phase 1,Eli Lilly and Company,2026-05,N/A,N/A,no_documents,,2026-06-15T12:14:24.971432
J2S-MC-GZML,NCT07165002,"A Study of the Pharmacokinetics and Safety of LY3537031 in Participants With Normal Liver Function and With Mild, Moderate, or Severe Liver Impairment",Phase 1,Eli Lilly and Company,2025-10-20,N/A,N/A,no_documents,,2026-06-15T12:14:24.971566
I7S-MC-HBEO,NCT06538116,A Study of Mevidalen (LY3154207) in Participants With Alzheimer's Disease,Phase 2,Eli Lilly and Company,2024-08-26,N/A,N/A,no_documents,,2026-06-15T12:14:24.971633
J2G-MC-JZJV,NCT04782076,A Drug Drug Interaction (DDI) Study of Selpercatinib and Dabigatran in Healthy Participants,Phase 1,"Loxo Oncology, Inc.",2021-03-05,Prot,Prot_000.pdf,downloaded,lilly_trial_docs/J2G-MC-JZJV_05MAR2021/Prot_Prot_000.pdf,2026-06-15T12:14:26.393647
J2G-MC-JZJV,NCT04782076,A Drug Drug Interaction (DDI) Study of Selpercatinib and Dabigatran in Healthy Participants,Phase 1,"Loxo Oncology, Inc.",2021-03-05,SAP,SAP_001.pdf,downloaded,lilly_trial_docs/J2G-MC-JZJV_05MAR2021/SAP_SAP_001.pdf,2026-06-15T12:14:27.861405
I8F-MC-GPIF,NCT05412004,Obstructive Sleep Apnea Master Protocol GPIF: A Study of Tirzepatide (LY3298176) in Participants With Obstructive Sleep Apnea,Phase 3,Eli Lilly and Company,2022-06-21,Prot,Prot_000.pdf,downloaded,lilly_trial_docs/I8F-MC-GPIF_21JUN2022/Prot_Prot_000.pdf,2026-06-15T12:14:28.857101
I8F-MC-GPIF,NCT05412004,Obstructive Sleep Apnea Master Protocol GPIF: A Study of Tirzepatide (LY3298176) in Participants With Obstructive Sleep Apnea,Phase 3,Eli Lilly and Company,2022-06-21,SAP,SAP_001.pdf,downloaded,lilly_trial_docs/I8F-MC-GPIF_21JUN2022/SAP_SAP_001.pdf,2026-06-15T12:14:29.965705
I1F-MC-RHDE,NCT06864026,A Study to Investigate Effectiveness of Tirzepatide Following Initiation of Ixekizumab in Participants With Active Psoriatic Arthritis and Overweight or Obesity in Clinical Practice (TOGETHER AMPLIFY-PsA),Phase 4,Eli Lilly and Company,2025-03-06,N/A,N/A,no_documents,,2026-06-15T12:14:29.966246
24-138,NCT06678269,A Study of Abemaciclib and Radiation Therapy in People With Metastatic Breast Cancer,Phase 1,Memorial Sloan Kettering Cancer Center,2024-11-15,N/A,N/A,no_documents,,2026-06-15T12:14:29.966405
J3M-OX-JZQD,NCT05860933,A Study of the Effects of Itraconazole or Carbamazepine on LY3537982 in Healthy Participants,Phase 1,Eli Lilly and Company,2023-05-08,N/A,N/A,no_documents,,2026-06-15T12:14:29.966509
I8F-MC-GPIG,NCT05536804,A Study of Tirzepatide (LY3298176) in Participants With Overweight or Obesity and Chronic Kidney Disease With or Without Type 2 Diabetes,Phase 2,Eli Lilly and Company,2023-02-08,N/A,N/A,no_documents,,2026-06-15T12:14:29.966601
I3Y-MC-JPCW,NCT04752332,A Study of Abemaciclib (LY2835219) Plus Hormone Therapy in Participants With Early Breast Cancer,Phase 3,Eli Lilly and Company,2021-05-10,Prot,Prot_000.pdf,downloaded,lilly_trial_docs/I3Y-MC-JPCW_10MAY2021/Prot_Prot_000.pdf,2026-06-15T12:14:31.297083
I3Y-MC-JPCW,NCT04752332,A Study of Abemaciclib (LY2835219) Plus Hormone Therapy in Participants With Early Breast Cancer,Phase 3,Eli Lilly and Company,2021-05-10,SAP,SAP_001.pdf,downloaded,lilly_trial_docs/I3Y-MC-JPCW_10MAY2021/SAP_SAP_001.pdf,2026-06-15T12:14:32.693371
I7S-MC-HBEM,NCT04258826,A Study to Evaluate LY3154207 on the Brain of Healthy Participants,Phase 1,Eli Lilly and Company,2021-01-15,N/A,N/A,no_documents,,2026-06-15T12:14:32.694202
I8F-MC-GPIT,NCT06037252,A Study of Investigational Tirzepatide (LY3298176) Doses in Participants With Type 2 Diabetes and Obesity,Phase 2,Eli Lilly and Company,2023-09-21,N/A,N/A,no_documents,,2026-06-15T12:14:32.694457
J4K-MC-LALA,NCT06007638,A Single and Multiple Ascending Dose Study of LY3876602 in Healthy Participants,Phase 1,Eli Lilly and Company,2023-08-23,N/A,N/A,no_documents,,2026-06-15T12:14:32.694878
J6H-MC-KXAA,NCT07005284,A Study of LY3981314 in Healthy Participants,Phase 1,Eli Lilly and Company,2025-06-09,N/A,N/A,no_documents,,2026-06-15T12:14:32.695138
I1F-MC-RHDB,NCT06588296,Ixekizumab Concomitantly Administered With Tirzepatide in Adults With Psoriatic Arthritis and Obesity or Overweight,Phase 3,Eli Lilly and Company,2024-09-24,N/A,N/A,no_documents,,2026-06-15T12:14:32.695314
22-018,NCT05668962,Restor. I-131 Upt. + Selpercatinib in RET F-P RAI-R TC,Phase 2,Massachusetts General Hospital,2023-03-01,N/A,N/A,no_documents,,2026-06-15T12:14:32.695564
I5T-MC-AACS,NCT06566170,A Real-World Comparative Study of Donanemab (LY3002813) Plus Usual Care Versus Usual Care Alone in US Participants With Early Symptomatic Alzheimer's Disease,N/A (Observational),Eli Lilly and Company,2024-10-07,N/A,N/A,no_documents,,2026-06-15T12:14:32.695768
H9X-JE-GBGQ,NCT04809220,A Study of Two Doses of Dulaglutide (LY2189265) in Japanese Patients With Type 2 Diabetes,Phase 3,Eli Lilly and Company,2021-04-13,Prot,Prot_000.pdf,downloaded,lilly_trial_docs/H9X-JE-GBGQ_13APR2021/Prot_Prot_000.pdf,2026-06-15T12:14:34.014686
H9X-JE-GBGQ,NCT04809220,A Study of Two Doses of Dulaglutide (LY2189265) in Japanese Patients With Type 2 Diabetes,Phase 3,Eli Lilly and Company,2021-04-13,SAP,SAP_001.pdf,downloaded,lilly_trial_docs/H9X-JE-GBGQ_13APR2021/SAP_SAP_001.pdf,2026-06-15T12:14:35.334463
J4T-MC-OLAA,NCT06297590,A First-In-Human Study of LY3954068 in Participants With Early Symptomatic Alzheimer's Disease,Phase 1,Eli Lilly and Company,2024-08-15,N/A,N/A,no_documents,,2026-06-15T12:14:35.334940
Pro00116493_1,NCT06906640,Implementation pRogram to Improve Screening and Management for CKD in Diabetes (IRIS-CKD) (Program 2),N/A,Duke University,2025-10-28,N/A,N/A,no_documents,,2026-06-15T12:14:35.335086
J5D-MC-FPAD,NCT07533019,A Study of LY4005130 in Adult Participants With Non-Segmental Vitiligo,Phase 2,Eli Lilly and Company,2026-04-14,N/A,N/A,no_documents,,2026-06-15T12:14:35.335221
J2A-MC-GZPB,NCT05882032,A Study of LY3502970 in Participants With Impaired and Normal Liver Function,Phase 1,Eli Lilly and Company,2023-06-13,Prot,Prot_000.pdf,downloaded,lilly_trial_docs/J2A-MC-GZPB_13JUN2023/Prot_Prot_000.pdf,2026-06-15T12:14:36.658574
J2A-MC-GZPB,NCT05882032,A Study of LY3502970 in Participants With Impaired and Normal Liver Function,Phase 1,Eli Lilly and Company,2023-06-13,SAP,SAP_001.pdf,downloaded,lilly_trial_docs/J2A-MC-GZPB_13JUN2023/SAP_SAP_001.pdf,2026-06-15T12:14:37.607997
NCI-2024-07664,NCT06630325,"A Precision Medicine Approach (SMMART-ACT) for the Treatment of Patients With Advanced Sarcoma, Prostate, Breast, Ovarian or Pancreatic Cancer",Phase 2,OHSU Knight Cancer Institute,2025-06-24,Prot_SAP,Prot_SAP_000.pdf,downloaded,lilly_trial_docs/NCI-2024-07664_24JUN2025/Prot_SAP_Prot_SAP_000.pdf,2026-06-15T12:14:38.859637
25-149,NCT07231952,"A Study of Pirtobrutinib, Venetoclax, and Rituximab in People With Waldenström's Macroglobulinemia (WM)/Lymphoplasmacytic Lymphoma (LPL)",Phase 2,Memorial Sloan Kettering Cancer Center,2025-11-11,N/A,N/A,no_documents,,2026-06-15T12:14:38.860064
J2T-MC-KGCD,NCT06921759,A Study to Investigate the Efficacy and Safety of Lebrikizumab in Participants With Moderate-to-Severe Atopic Hand and Foot Dermatitis,Phase 3,Eli Lilly and Company,2025-04-21,N/A,N/A,no_documents,,2026-06-15T12:14:38.860306
J2A-MC-GZGF,NCT04680767,A Study of LY3502970 in Healthy Male Participants,Phase 1,Eli Lilly and Company,2021-03-29,Prot,Prot_000.pdf,downloaded,lilly_trial_docs/J2A-MC-GZGF_29MAR2021/Prot_Prot_000.pdf,2026-06-15T12:14:40.315425
J2A-MC-GZGF,NCT04680767,A Study of LY3502970 in Healthy Male Participants,Phase 1,Eli Lilly and Company,2021-03-29,SAP,SAP_001.pdf,downloaded,lilly_trial_docs/J2A-MC-GZGF_29MAR2021/SAP_SAP_001.pdf,2026-06-15T12:14:41.726514
J4F-MC-CYAA,NCT05727072,A Study of LY3848575 in Healthy Participants,Phase 1,Eli Lilly and Company,2023-02-10,N/A,N/A,no_documents,,2026-06-15T12:14:41.727019
I8R-MC-IGBO,NCT04992312,A Study of Nasal Glucagon (LY900018) in Pediatric Participants With Type 1 Diabetes,Phase 1,Eli Lilly and Company,2022-03-24,Prot,Prot_000.pdf,downloaded,lilly_trial_docs/I8R-MC-IGBO_24MAR2022/Prot_Prot_000.pdf,2026-06-15T12:14:42.994874
I8R-MC-IGBO,NCT04992312,A Study of Nasal Glucagon (LY900018) in Pediatric Participants With Type 1 Diabetes,Phase 1,Eli Lilly and Company,2022-03-24,SAP,SAP_001.pdf,downloaded,lilly_trial_docs/I8R-MC-IGBO_24MAR2022/SAP_SAP_001.pdf,2026-06-15T12:14:44.324852
J4C-OX-JZUA,NCT05307705,A Study of LOXO-783 in Patients With Breast Cancer/Other Solid Tumors,Phase 1,Eli Lilly and Company,2022-05-11,N/A,N/A,no_documents,,2026-06-15T12:14:44.325199
J2T-MC-KGBG,NCT04840901,A Study of Lebrikizumab (LY3650150) Administered by Two Different Devices in Healthy Participants,Phase 1,Eli Lilly and Company,2021-06-02,Prot,Prot_000.pdf,downloaded,lilly_trial_docs/J2T-MC-KGBG_02JUN2021/Prot_Prot_000.pdf,2026-06-15T12:14:45.976828
J2T-MC-KGBG,NCT04840901,A Study of Lebrikizumab (LY3650150) Administered by Two Different Devices in Healthy Participants,Phase 1,Eli Lilly and Company,2021-06-02,SAP,SAP_001.pdf,downloaded,lilly_trial_docs/J2T-MC-KGBG_02JUN2021/SAP_SAP_001.pdf,2026-06-15T12:14:46.980506
J1P-MC-KFAL,NCT04998487,A Single-Dose Study of LY3471851 in Healthy Participants,Phase 1,Nektar Therapeutics,2021-08-16,N/A,N/A,no_documents,,2026-06-15T12:14:46.981359
J6B-MC-YKAA,NCT06945406,A Study of LY4057996 in Healthy Participants and Participants With Type 1 and Type 2 Diabetes,Phase 1,Eli Lilly and Company,2025-05-16,N/A,N/A,no_documents,,2026-06-15T12:14:46.981594
J2T-JE-KGAL,NCT04760314,A Study of Lebrikizumab (LY3650150) in Combination With Topical Corticosteroids in Japanese Participants With Moderate-to-Severe Atopic Dermatitis,Phase 3,Eli Lilly and Company,2021-03-10,Prot,Prot_000.pdf,downloaded,lilly_trial_docs/J2T-JE-KGAL_10MAR2021/Prot_Prot_000.pdf,2026-06-15T12:14:48.346542
J2T-JE-KGAL,NCT04760314,A Study of Lebrikizumab (LY3650150) in Combination With Topical Corticosteroids in Japanese Participants With Moderate-to-Severe Atopic Dermatitis,Phase 3,Eli Lilly and Company,2021-03-10,SAP,SAP_001.pdf,downloaded,lilly_trial_docs/J2T-JE-KGAL_10MAR2021/SAP_SAP_001.pdf,2026-06-15T12:14:49.764155
I6T-MC-AMBI,NCT04469062,A Study of Mirikizumab (LY3074828) in Participants With Ulcerative Colitis,Phase 3,Eli Lilly and Company,2021-04-20,N/A,N/A,no_documents,,2026-06-15T12:14:49.764559
J2S-MC-GZMH,NCT07412756,A Study of Brenipatide in Adult Participants With Major Depressive Disorder,Phase 3,Eli Lilly and Company,2026-02-09,N/A,N/A,no_documents,,2026-06-15T12:14:49.764747
J2A-GH-GZGX,NCT06023095,A Study of LY3502970 in Chinese Participants With Obesity or Are Overweight With Weight-related Comorbidities,Phase 1,Eli Lilly and Company,2023-09-21,N/A,N/A,no_documents,,2026-06-15T12:14:49.764931
J2D-JE-CVAD,NCT05580250,A Study of LY3526318 in Healthy Male Japanese Participants,Phase 1,Eli Lilly and Company,2022-11-22,N/A,N/A,no_documents,,2026-06-15T12:14:49.765047
J6K-OX-JSFA,NCT07213791,A Study of LY4337713 in Participants With FAP-Positive Solid Tumors,Phase 1,Eli Lilly and Company,2025-10-22,N/A,N/A,no_documents,,2026-06-15T12:14:49.765161
J3R-MC-YDAO,NCT07369011,A Study of Eloralintide (LY3841136) in Participants With Obstructive Sleep Apnea and Obesity or Overweight,Phase 3,Eli Lilly and Company,2026-02-10,N/A,N/A,no_documents,,2026-06-15T12:14:49.765255
J6N-MC-JUCA,NCT07101328,A Study of LY4152199 in Participants With Previously Treated B-cell Malignancies (BAF_FRontier-1 ),Phase 1,Eli Lilly and Company,2026-06,N/A,N/A,no_documents,,2026-06-15T12:14:49.765409
J2A-MC-GZPC,NCT05936138,"A Phase 1, Parallel, Single-Dose, Open-Label, Single-Period Study of LY3502970 in Participants With Normal Renal Function and Participants With Renal Impairment.",Phase 1,Eli Lilly and Company,2023-07-13,Prot,Prot_000.pdf,downloaded,lilly_trial_docs/J2A-MC-GZPC_13JUL2023/Prot_Prot_000.pdf,2026-06-15T12:14:51.222331
J2A-MC-GZPC,NCT05936138,"A Phase 1, Parallel, Single-Dose, Open-Label, Single-Period Study of LY3502970 in Participants With Normal Renal Function and Participants With Renal Impairment.",Phase 1,Eli Lilly and Company,2023-07-13,SAP,SAP_001.pdf,downloaded,lilly_trial_docs/J2A-MC-GZPC_13JUL2023/SAP_SAP_001.pdf,2026-06-15T12:14:53.291968
H0P-MC-BP07,NCT07641504,A Chronic Pain Master Protocol (CPMP): A Study of LY4065967 in Participants With Chronic Low Back Pain,Phase 2,Eli Lilly and Company,2026-07,N/A,N/A,no_documents,,2026-06-15T12:14:53.293028
J2N-OX-JZNN,NCT04666038,Study of LOXO-305 (Pirtobrutinib) Versus Investigator's Choice (Idelalisib Plus Rituximab or Bendamustine Plus Rituximab) in Patients With Previously Treated Chronic Lymphocytic Leukemia (CLL)/Small Lymphocytic Lymphoma (SLL),Phase 3,"Loxo Oncology, Inc.",2021-03-09,Prot,Prot_000.pdf,downloaded,lilly_trial_docs/J2N-OX-JZNN_09MAR2021/Prot_Prot_000.pdf,2026-06-15T12:14:54.738027
J2N-OX-JZNN,NCT04666038,Study of LOXO-305 (Pirtobrutinib) Versus Investigator's Choice (Idelalisib Plus Rituximab or Bendamustine Plus Rituximab) in Patients With Previously Treated Chronic Lymphocytic Leukemia (CLL)/Small Lymphocytic Lymphoma (SLL),Phase 3,"Loxo Oncology, Inc.",2021-03-09,SAP,SAP_001.pdf,downloaded,lilly_trial_docs/J2N-OX-JZNN_09MAR2021/SAP_SAP_001.pdf,2026-06-15T12:14:55.767134
J6M-MC-JSGF,NCT07519525,A Study of [14C]-LY4064809 in Healthy Participants,Phase 1,Eli Lilly and Company,2026-03-27,N/A,N/A,no_documents,,2026-06-15T12:14:55.767623
J2S-MC-GZMU,NCT07476118,A Study of Brenipatide (LY3537031) in Healthy Participants With Overweight or Obesity,Phase 1,Eli Lilly and Company,2026-03-18,N/A,N/A,no_documents,,2026-06-15T12:14:55.767751
IRB00474917,NCT06847399,Efficacy and Safety of Tirzepatide Versus Placebo or Lisdexamfetamine Dimesylate for Binge-Eating Disorder,Phase 2,Johns Hopkins University,2025-09-17,N/A,N/A,no_documents,,2026-06-15T12:14:55.767916
J2N-OX-JZNG,NCT06190678,Study of Pirtobrutinib (LOXO-305) in Participants With Impaired Kidney Function and Healthy Participants,Phase 1,Eli Lilly and Company,2021-02-01,Prot,Prot_000.pdf,downloaded,lilly_trial_docs/J2N-OX-JZNG_01FEB2021/Prot_Prot_000.pdf,2026-06-15T12:14:57.357704
J2N-OX-JZNG,NCT06190678,Study of Pirtobrutinib (LOXO-305) in Participants With Impaired Kidney Function and Healthy Participants,Phase 1,Eli Lilly and Company,2021-02-01,SAP,SAP_001.pdf,downloaded,lilly_trial_docs/J2N-OX-JZNG_01FEB2021/SAP_SAP_001.pdf,2026-06-15T12:14:58.781124
J4C-OX-JZUC,NCT06028425,A Study to Evaluate the Effect of Food on LOXO-783 in Healthy Participants,Phase 1,Eli Lilly and Company,2023-09-01,N/A,N/A,no_documents,,2026-06-15T12:14:58.781958
J2S-MC-GZMD,NCT06606106,"A Study of LY3537031 in Overweight, Obese, and Healthy Participants",Phase 1,Eli Lilly and Company,2024-09-05,N/A,N/A,no_documents,,2026-06-15T12:14:58.782219
J3R-MC-YDAA,NCT05295940,A Study of LY3841136 in Healthy and Overweight Participants,Phase 1,Eli Lilly and Company,2022-03-30,N/A,N/A,no_documents,,2026-06-15T12:14:58.782552
J2A-JE-GZGB,NCT05086445,A Study of LY3502970 in Japanese Participants With Type 2 Diabetes Mellitus,Phase 1,Eli Lilly and Company,2021-11-12,N/A,N/A,no_documents,,2026-06-15T12:14:58.782766
J2S-MC-GZMG,NCT07420283,A Study of Brenipatide in Participants With Opioid Use Disorder,Phase 2,Eli Lilly and Company,2026-02-13,N/A,N/A,no_documents,,2026-06-15T12:14:58.783188
J2A-MC-GZL2,NCT06952530,A Master Protocol Study of Orforglipron (LY3502970) in Participants With Hypertension and Obesity or Overweight (ATTAIN-Hypertension) GZL2,Phase 3,Eli Lilly and Company,2025-04-30,N/A,N/A,no_documents,,2026-06-15T12:14:58.783565
J6M-MC-JSGE,NCT07247357,A Study of LY4064809 in Healthy Adult Chinese Participants,Phase 1,Eli Lilly and Company,2025-10-24,N/A,N/A,no_documents,,2026-06-15T12:14:58.783801
NCI-2024-00054,NCT06252675,Glofitamab With Pirtobrutinib for Relapsed or Refractory Mantle Cell Lymphoma,Phase 2,"University of California, San Francisco",2024-06-11,N/A,N/A,no_documents,,2026-06-15T12:14:58.783944
J2J-MC-JZLG,NCT05440344,A Study of Imlunestrant (LY3484356) in Female Participants With Impaired Liver Function,Phase 1,Eli Lilly and Company,2022-07-05,Prot,Prot_000.pdf,downloaded,lilly_trial_docs/J2J-MC-JZLG_05JUL2022/Prot_Prot_000.pdf,2026-06-15T12:15:00.251146
J2J-MC-JZLG,NCT05440344,A Study of Imlunestrant (LY3484356) in Female Participants With Impaired Liver Function,Phase 1,Eli Lilly and Company,2022-07-05,SAP,SAP_001.pdf,downloaded,lilly_trial_docs/J2J-MC-JZLG_05JUL2022/SAP_SAP_001.pdf,2026-06-15T12:15:01.294115
J1G-MC-LAKC,NCT05463731,A Study of Remternetug (LY3372993) in Participants With Alzheimer's Disease (TRAILRUNNER-ALZ 1),Phase 3,Eli Lilly and Company,2022-08-01,N/A,N/A,no_documents,,2026-06-15T12:15:01.294902
DIAN-TU-002 (REM),NCT06647498,A Study of a Potential Disease Modifying Treatment in Individuals at Risk for or With a Type of Early Onset AD Caused by a Genetic Mutation,Phase 2/Phase 3,Washington University School of Medicine,2024-11-22,N/A,N/A,no_documents,,2026-06-15T12:15:01.295191
J1I-MC-GZBN,NCT05931367,A Study of Retatrutide (LY3437943) Once Weekly in Participants Who Have Obesity or Overweight and Osteoarthritis of the Knee,Phase 3,Eli Lilly and Company,2023-08-01,N/A,N/A,no_documents,,2026-06-15T12:15:01.295431
J3L-MC-EZEE,NCT05932446,A Study to Compare Two Formulations of LY3819469 in Healthy Participants,Phase 1,Eli Lilly and Company,2023-06-30,N/A,N/A,no_documents,,2026-06-15T12:15:01.295697
J6L-MC-YIAA,NCT07225556,A Study of LY4167586 in Participants With Obesity or Overweight Who Are Otherwise Healthy,Phase 1,Eli Lilly and Company,2025-11-18,N/A,N/A,no_documents,,2026-06-15T12:15:01.295897
J4P-MC-IYAB,NCT06280703,A Study of LY3938577 in Healthy Participants and Participants With Type 1 Diabetes Mellitus (T1DM),Phase 1,Eli Lilly and Company,2024-05-15,N/A,N/A,no_documents,,2026-06-15T12:15:01.296096
J1P-MC-KFAH,NCT04677179,A Study of LY3471851 in Adult Participants With Moderately to Severely Active Ulcerative Colitis (UC),Phase 2,Nektar Therapeutics,2021-03-22,Prot,Prot_000.pdf,downloaded,lilly_trial_docs/J1P-MC-KFAH_22MAR2021/Prot_Prot_000.pdf,2026-06-15T12:15:03.098369
J1P-MC-KFAH,NCT04677179,A Study of LY3471851 in Adult Participants With Moderately to Severely Active Ulcerative Colitis (UC),Phase 2,Nektar Therapeutics,2021-03-22,SAP,SAP_001.pdf,downloaded,lilly_trial_docs/J1P-MC-KFAH_22MAR2021/SAP_SAP_001.pdf,2026-06-15T12:15:04.478358
J2P-MC-LXBC,NCT06052462,A Study of Carbon-14-Labelled [14C] LY3556050 in Healthy Male Participants,Phase 1,Eli Lilly and Company,2023-09-20,N/A,N/A,no_documents,,2026-06-15T12:15:04.478642
AK-antiVEGF-101,NCT06517888,Anti-VEGF Gene Therapy Trial for Vestibular Schwannoma,Phase 1/Phase 2,"Akouos, Inc.",2025-01-17,N/A,N/A,no_documents,,2026-06-15T12:15:04.478797
J3H-MC-GZNB,NCT05327595,A Study of LY3549492 in Participants With Type 2 Diabetes Mellitus (T2DM),Phase 1,Eli Lilly and Company,2022-05-09,N/A,N/A,no_documents,,2026-06-15T12:15:04.478910
J4Z-MC-GIDG,NCT06890611,A Study of Bimagrumab Alone (LY3985863) and Bimagrumab With Tirzepatide (LY900042) in Healthy Participants,Phase 1,Eli Lilly and Company,2025-03-25,N/A,N/A,no_documents,,2026-06-15T12:15:04.479061
L0U-MC-OLMP,NCT07571200,A Master Protocol (OLMP): A Study of LY4256984 in Participants With Amyotrophic Lateral Sclerosis (ALS),Phase 1,Eli Lilly and Company,2026-05,N/A,N/A,no_documents,,2026-06-15T12:15:04.479197
J1I-MC-GZBX,NCT06003465,A Research Study Looking at Similarity Between LY3437943 Versions for Different Injection Devices,Phase 1,Eli Lilly and Company,2023-08-29,N/A,N/A,no_documents,,2026-06-15T12:15:04.479396
J2A-MC-GZPT,NCT07153471,A Study of Orforglipron (LY3502970) in Participants With Obesity or Overweight and Osteoarthritis (OA) of the Knee,Phase 3,Eli Lilly and Company,2025-09-15,N/A,N/A,no_documents,,2026-06-15T12:15:04.479531
I8F-MC-GPJE,NCT07299084,A Study to Evaluate the Effect of Fasting Duration and Tirzepatide Withholding on the Amount of Food and Fluid in the Stomach in Participants With Type 2 Diabetes Mellitus and Participants With Overweight or Obesity Without Type 2 Diabetes Mellitus,Phase 1,Eli Lilly and Company,2026-01-14,N/A,N/A,no_documents,,2026-06-15T12:15:04.479644
I8H-MC-BDCY,NCT05463744,A Study of Insulin Efsitora Alfa (LY3209590) Compared With Insulin Degludec in Participants With Type 1 Diabetes Treated With Multiple Daily Injection Therapy,Phase 3,Eli Lilly and Company,2022-08-12,Prot,Prot_000.pdf,downloaded,lilly_trial_docs/I8H-MC-BDCY_12AUG2022/Prot_Prot_000.pdf,2026-06-15T12:15:05.884383
I8H-MC-BDCY,NCT05463744,A Study of Insulin Efsitora Alfa (LY3209590) Compared With Insulin Degludec in Participants With Type 1 Diabetes Treated With Multiple Daily Injection Therapy,Phase 3,Eli Lilly and Company,2022-08-12,SAP,SAP_001.pdf,downloaded,lilly_trial_docs/I8H-MC-BDCY_12AUG2022/SAP_SAP_001.pdf,2026-06-15T12:15:06.893426
J2T-MC-KGBY,NCT06444165,Lebrikizumab Pen Ease of Use in Participants With Atopic Dermatitis,Phase 3,Eli Lilly and Company,2024-06-04,Prot,Prot_000.pdf,downloaded,lilly_trial_docs/J2T-MC-KGBY_04JUN2024/Prot_Prot_000.pdf,2026-06-15T12:15:07.928903
J2T-MC-KGBY,NCT06444165,Lebrikizumab Pen Ease of Use in Participants With Atopic Dermatitis,Phase 3,Eli Lilly and Company,2024-06-04,SAP,SAP_002.pdf,downloaded,lilly_trial_docs/J2T-MC-KGBY_04JUN2024/SAP_SAP_002.pdf,2026-06-15T12:15:08.940952
J1R-MC-GZFB,NCT05377333,A Study of LY3457263 Alone and in Combination With Dulaglutide (LY2189265) in Participants With Type 2 Diabetes,Phase 1,Eli Lilly and Company,2022-06-02,N/A,N/A,no_documents,,2026-06-15T12:15:08.941541
J4H-MC-FVAA,NCT06176768,A Study of LY3972406 in Adult Participants With Moderate-to-Severe Plaque Psoriasis,Phase 2,Eli Lilly and Company,2023-12-06,Prot,Prot_000.pdf,downloaded,lilly_trial_docs/J4H-MC-FVAA_06DEC2023/Prot_Prot_000.pdf,2026-06-15T12:15:11.149550
J4H-MC-FVAA,NCT06176768,A Study of LY3972406 in Adult Participants With Moderate-to-Severe Plaque Psoriasis,Phase 2,Eli Lilly and Company,2023-12-06,SAP,SAP_001.pdf,downloaded,lilly_trial_docs/J4H-MC-FVAA_06DEC2023/SAP_SAP_001.pdf,2026-06-15T12:15:12.658341
J4F-MC-CYAB,NCT06568042,Effects of LY3848575 Versus Placebo in Participants With Painful Distal Sensory Polyneuropathy,Phase 2,Eli Lilly and Company,2024-08-22,N/A,N/A,no_documents,,2026-06-15T12:15:12.658577
J2A-MC-GZP1,NCT06972459,A Study of Orforglipron (LY3502970) in Participants With Obesity or Overweight and at Least One Weight-Related Comorbidity,Phase 3,Eli Lilly and Company,2025-05-15,N/A,N/A,no_documents,,2026-06-15T12:15:12.658686
NCI-2025-02708,NCT06948786,"Pirtobrutinib and Mosunetuzumab for the Treatment of Relapsed/Refractory Grades 1-3A Follicular Lymphoma, PROMOTE-FL Trial",Phase 2,University of Washington,2025-11-17,N/A,N/A,no_documents,,2026-06-15T12:15:12.658798
J5C-MC-FOAE,NCT06627088,A Study of LY4100511 (DC-853) Mass Balance and Absolute Bioavailability of LY4100511 in Healthy Male Participants,Phase 1,"DICE Therapeutics, Inc., a wholly owned subsidiary of Eli Lilly and Company",2024-08-23,N/A,N/A,no_documents,,2026-06-15T12:15:12.658875
J2N-OX-JZNP,NCT05023980,A Study of Pirtobrutinib (LOXO-305) Versus Bendamustine Plus Rituximab (BR) in Untreated Patients With Chronic Lymphocytic Leukemia (CLL)/Small Lymphocytic Lymphoma (SLL),Phase 3,"Loxo Oncology, Inc.",2021-09-23,N/A,N/A,no_documents,,2026-06-15T12:15:12.658961
J3R-MC-YDAJ,NCT07426380,A Study of Eloralintide (LY3841136) in Participants With Renal Impairment and in Participants With Normal Renal Function,Phase 1,Eli Lilly and Company,2026-02-24,N/A,N/A,no_documents,,2026-06-15T12:15:12.659037
J4G-MC-JZVD,NCT07218380,A Study of Vepugratinib (LY3866288) in Participants With Cancer in the Urinary Tract,Phase 3,Eli Lilly and Company,2025-12-12,N/A,N/A,no_documents,,2026-06-15T12:15:12.659099
2021-14,NCT05940493,Abemaciclib in Newly Diagnosed Meningioma Patients,Phase 2,Nader Sanai,2025-03-24,N/A,N/A,no_documents,,2026-06-15T12:15:12.659193
I7P-MC-DSAG,NCT06598943,A Study of Eltrekibart and Mirikizumab in Adult Patients With Moderately to Severely Active Ulcerative Colitis,Phase 2,Eli Lilly and Company,2024-10-10,N/A,N/A,no_documents,,2026-06-15T12:15:12.659255
DCE806103,NCT05994807,"A Drug-Drug Interaction Study to Assess the Pharmacokinetics of DC-806 When Orally Administered Alone, When Coadministered With Itraconazole, and When Coadministered With Carbamazepine in Healthy Adult Participants",Phase 1,"DICE Therapeutics, Inc., a wholly owned subsidiary of Eli Lilly and Company",2023-08-08,N/A,N/A,no_documents,,2026-06-15T12:15:12.659331
J3M-MC-JZQB,NCT06119581,A Study of First-Line Olomorasib (LY3537982) and Pembrolizumab With or Without Chemotherapy in Patients With Advanced KRAS G12C-Mutant Non-small Cell Lung Cancer,Phase 3,Eli Lilly and Company,2023-12-21,N/A,N/A,no_documents,,2026-06-15T12:15:12.659457
J5P-MC-GZRA,NCT06649045,A Master Protocol for Orforglipron in Participants With Obstructive Sleep Apnea and Obesity or Overweight,Phase 3,Eli Lilly and Company,2024-10-22,N/A,N/A,no_documents,,2026-06-15T12:15:12.659577
J3R-MC-YDAD,NCT06916091,A Study of Eloralintide (LY3841136) in Chinese Participants With Obesity or Overweight,Phase 1,Eli Lilly and Company,2025-04-21,N/A,N/A,no_documents,,2026-06-15T12:15:12.659699
J3M-OX-JZQA,NCT04956640,Study of LY3537982 in Cancer Patients With a Specific Genetic Mutation (KRAS G12C),Phase 1/Phase 2,Eli Lilly and Company,2021-07-19,N/A,N/A,no_documents,,2026-06-15T12:15:12.659807
J2A-MC-GZL1,NCT06948435,A Master Protocol Study of Orforglipron (LY3502970) in Participants With Hypertension and Obesity or Overweight (ATTAIN-Hypertension) GZL1,Phase 3,Eli Lilly and Company,2025-04-30,N/A,N/A,no_documents,,2026-06-15T12:15:12.659922
J2N-MC-JZNX,NCT06588478,A Study Evaluating the Efficacy and Safety of Pirtobrutinib in Participants With Relapsed or Refractory Chronic Lymphocytic Leukemia/Small Lymphocytic Lymphoma,Phase 2,"Loxo Oncology, Inc.",2025-01-03,N/A,N/A,no_documents,,2026-06-15T12:15:12.660148
I5T-MC-AACP,NCT05567159,A Study of Donanemab (LY3002813) in Healthy Participants,Phase 1,Eli Lilly and Company,2022-10-04,Prot,Prot_000.pdf,downloaded,lilly_trial_docs/I5T-MC-AACP_04OCT2022/Prot_Prot_000.pdf,2026-06-15T12:15:13.693481
I5T-MC-AACP,NCT05567159,A Study of Donanemab (LY3002813) in Healthy Participants,Phase 1,Eli Lilly and Company,2022-10-04,SAP,SAP_001.pdf,downloaded,lilly_trial_docs/I5T-MC-AACP_04OCT2022/SAP_SAP_001.pdf,2026-06-15T12:15:14.701041
J2G-MC-JZPB,NCT05906836,A Drug Drug Interaction (DDI) Study of Selpercatinib (LY3527723) and Rosuvastatin in Healthy Participants,Phase 1,Eli Lilly and Company,2023-07-27,Prot,Prot_000.pdf,downloaded,lilly_trial_docs/J2G-MC-JZPB_27JUL2023/Prot_Prot_000.pdf,2026-06-15T12:15:15.725200
J2G-MC-JZPB,NCT05906836,A Drug Drug Interaction (DDI) Study of Selpercatinib (LY3527723) and Rosuvastatin in Healthy Participants,Phase 1,Eli Lilly and Company,2023-07-27,SAP,SAP_001.pdf,downloaded,lilly_trial_docs/J2G-MC-JZPB_27JUL2023/SAP_SAP_001.pdf,2026-06-15T12:15:16.862990
SOLTI-2401,NCT06991946,Patient-Centric Study to Assess the Impact of Genomic Profiling on the Treatment of Patients With Metastatic Breast Cancer in Spain,N/A (Observational),SOLTI Breast Cancer Research Group,2025-05-20,N/A,N/A,no_documents,,2026-06-15T12:15:16.863517
J2S-MC-GZMR,NCT07219173,A Study to Evaluate Brenipatide Compared With Placebo in Adult Participants With Uncontrolled Moderate to Severe Asthma,Phase 2,Eli Lilly and Company,2025-10-22,N/A,N/A,no_documents,,2026-06-15T12:15:16.863694
J4X-MC-LWCC,NCT07607483,A Study of LY4065967 in Healthy Participants,Phase 1,Eli Lilly and Company,2026-06,N/A,N/A,no_documents,,2026-06-15T12:15:16.863901
J2A-MC-GZGJ,NCT05110794,A Multiple-Dose Study of LY3502970 in Healthy Participants,Phase 1,Eli Lilly and Company,2021-11-05,Prot,Prot_000.pdf,downloaded,lilly_trial_docs/J2A-MC-GZGJ_05NOV2021/Prot_Prot_000.pdf,2026-06-15T12:15:18.459427
J2A-MC-GZGJ,NCT05110794,A Multiple-Dose Study of LY3502970 in Healthy Participants,Phase 1,Eli Lilly and Company,2021-11-05,SAP,SAP_001.pdf,downloaded,lilly_trial_docs/J2A-MC-GZGJ_05NOV2021/SAP_SAP_001.pdf,2026-06-15T12:15:19.494710
W8M-MC-GN01,NCT06683508,A Study to Investigate Weight Management With LY3549492 Compared With Placebo in Adult Participants With Obesity or Overweight,Phase 2,Eli Lilly and Company,2024-11-13,N/A,N/A,no_documents,,2026-06-15T12:15:19.495288
J2N-MC-JZNK,NCT06180980,A Study of the Effect of Food on Pirtobrutinib (LOXO-305) in Healthy Participants,Phase 1,Eli Lilly and Company,2021-01-04,Prot,Prot_000.pdf,downloaded,lilly_trial_docs/J2N-MC-JZNK_04JAN2021/Prot_Prot_000.pdf,2026-06-15T12:15:21.961875
J2N-MC-JZNK,NCT06180980,A Study of the Effect of Food on Pirtobrutinib (LOXO-305) in Healthy Participants,Phase 1,Eli Lilly and Company,2021-01-04,SAP,SAP_001.pdf,downloaded,lilly_trial_docs/J2N-MC-JZNK_04JAN2021/SAP_SAP_001.pdf,2026-06-15T12:15:23.557338
J5U-MC-YGAA,NCT06945419,"A Study of LY4086940 in Healthy Participants and Participants With Overweight or Obesity, With or Without Type 2 Diabetes",Phase 1,Eli Lilly and Company,2025-04-23,N/A,N/A,no_documents,,2026-06-15T12:15:23.558053
J5I-OX-JZYA,NCT06465069,A Study of LY4052031 in Participants With Advanced or Metastatic Urothelial Cancer or Other Solid Tumors,Phase 1,Eli Lilly and Company,2024-07-01,N/A,N/A,no_documents,,2026-06-15T12:15:23.558280
J2G-MC-JZJX,NCT04819100,A Study of Selpercatinib After Surgery or Radiation in Participants With Non-Small Cell Lung Cancer (NSCLC),Phase 3,Eli Lilly and Company,2021-12-20,N/A,N/A,no_documents,,2026-06-15T12:15:23.558493
J1G-MC-LAKI,NCT06653153,A Study of Remternetug (LY3372993) in Early Alzheimer's Disease (TRAILRUNNER-ALZ 3),Phase 3,Eli Lilly and Company,2024-10-24,N/A,N/A,no_documents,,2026-06-15T12:15:23.558702
J3H-MC-GZNC,NCT06194500,A Study of Carbon-14-Labeled [14C]-LY3549492 in Healthy Participants,Phase 1,Eli Lilly and Company,2024-01-03,N/A,N/A,no_documents,,2026-06-15T12:15:23.558893
S66466,NCT06365788,Bicalutamide and Abemaciclib in Inoperable or Metastatic Androgen Receptor-positive Triple-negative Breast Cancer,Phase 2,Universitaire Ziekenhuizen KU Leuven,2024-04-08,N/A,N/A,no_documents,,2026-06-15T12:15:23.559044
I8P-MC-OXAH,NCT06817356,A Study to Evaluate Mazdutide Compared With Placebo in Participants With Alcohol Use Disorder,Phase 2,Eli Lilly and Company,2025-02-06,N/A,N/A,no_documents,,2026-06-15T12:15:23.559195
22-0969,NCT06158113,Efficacy and Safety of Baricitinib in Oral Lichen Planus: a Proof-of-Concept Study,Phase 2,"University of North Carolina, Chapel Hill",2024-03-13,N/A,N/A,no_documents,,2026-06-15T12:15:23.559341
CHUBX 2019/56,NCT04870203,Combination of Baricitinib and Anti-TNF in Rheumatoid Arthritis,Phase 3,"University Hospital, Bordeaux",2021-07-15,N/A,N/A,no_documents,,2026-06-15T12:15:23.559486
J3G-MC-S004,NCT06516913,A Study of Subcutaneous Injection in Healthy Participants,N/A,Eli Lilly and Company,2024-07-22,N/A,N/A,no_documents,,2026-06-15T12:15:23.559601
I8F-MC-GPIP,NCT05810597,A Research Study Looking at Similarity Between Tirzepatide Versions for Different Injection Devices,Phase 1,Eli Lilly and Company,2023-04-03,Prot,Prot_000.pdf,downloaded,lilly_trial_docs/I8F-MC-GPIP_03APR2023/Prot_Prot_000.pdf,2026-06-15T12:15:25.650534
I8F-MC-GPIP,NCT05810597,A Research Study Looking at Similarity Between Tirzepatide Versions for Different Injection Devices,Phase 1,Eli Lilly and Company,2023-04-03,SAP,SAP_001.pdf,downloaded,lilly_trial_docs/I8F-MC-GPIP_03APR2023/SAP_SAP_001.pdf,2026-06-15T12:15:27.012454
J6V-MC-OIAF,NCT07511816,A Study of LY4515100 in Participants With Pain Following Third Molar Removal,Phase 2,Eli Lilly and Company,2026-04-01,N/A,N/A,no_documents,,2026-06-15T12:15:27.012966
R123899,NCT04208464,"JAK 1/2 Inhibitor, Baricitinib, in the Treatment of Adult IIM",Phase 2,University of Manchester,2021-10-07,N/A,N/A,no_documents,,2026-06-15T12:15:27.013107
CWMM Master Protocol,NCT06124807,A Study of LY3305677 Compared With Placebo in Adult Participants With Obesity or Overweight,Phase 2,Eli Lilly and Company,2023-11-17,Prot,Prot_000.pdf,downloaded,lilly_trial_docs/CWMM_Master_Protocol_17NOV2023/Prot_Prot_000.pdf,2026-06-15T12:15:28.417052
CWMM Master Protocol,NCT06124807,A Study of LY3305677 Compared With Placebo in Adult Participants With Obesity or Overweight,Phase 2,Eli Lilly and Company,2023-11-17,SAP,SAP_001.pdf,downloaded,lilly_trial_docs/CWMM_Master_Protocol_17NOV2023/SAP_SAP_001.pdf,2026-06-15T12:15:29.736881
I8H-MC-BDCJ,NCT04768842,A Study of Two Different Formulations of LY3209590 in Healthy Participants,Phase 1,Eli Lilly and Company,2021-03-03,N/A,N/A,no_documents,,2026-06-15T12:15:29.737377
J2S-MC-GZMT,NCT07545772,A Study of Brenipatide (LY3537031) in Participants With Irritable Bowel Syndrome-Constipation (IBS-C),Phase 2,Eli Lilly and Company,2026-04-29,N/A,N/A,no_documents,,2026-06-15T12:15:29.737477
J4O-MC-EZHB,NCT07547540,A Study of LY3971297 in Participants With Heart Failure,Phase 1,Eli Lilly and Company,2026-06,N/A,N/A,no_documents,,2026-06-15T12:15:29.737577
I4V-MC-KHAB,NCT05074420,A Study of Baricitinib (LY3009104) in Children With COVID-19,Phase 3,Eli Lilly and Company,2021-12-21,N/A,N/A,no_documents,,2026-06-15T12:15:29.737633
I9M-MC-ONAA,NCT07598370,A Study of LY3439539 in Participants With Alzheimer's Disease,Phase 1,Eli Lilly and Company,2026-05,N/A,N/A,no_documents,,2026-06-15T12:15:29.737688
J1G-MC-LAKG,NCT07056309,A Study of Remternetug (LY3372993) in Healthy Participants,Phase 1,Eli Lilly and Company,2025-06-24,N/A,N/A,no_documents,,2026-06-15T12:15:29.737743
J2O-MC-EKBG,NCT07157774,Assessing the Impact of Muvalaplin on Major Cardiovascular Events in Adults With Elevated Lipoprotein(a),Phase 3,Eli Lilly and Company,2025-09-02,N/A,N/A,no_documents,,2026-06-15T12:15:29.737817
I8F-MC-GPHN,NCT04660643,A Study of Tirzepatide (LY3298176) in Participants With Obesity or Overweight for the Maintenance of Weight Loss,Phase 3,Eli Lilly and Company,2021-03-29,Prot,Prot_000.pdf,downloaded,lilly_trial_docs/I8F-MC-GPHN_29MAR2021/Prot_Prot_000.pdf,2026-06-15T12:15:31.507420
I8F-MC-GPHN,NCT04660643,A Study of Tirzepatide (LY3298176) in Participants With Obesity or Overweight for the Maintenance of Weight Loss,Phase 3,Eli Lilly and Company,2021-03-29,SAP,SAP_001.pdf,downloaded,lilly_trial_docs/I8F-MC-GPHN_29MAR2021/SAP_SAP_001.pdf,2026-06-15T12:15:32.759008
J2A-MC-GZGP,NCT05869903,A Study of Orforglipron (LY3502970) in Adult Participants With Obesity or Overweight With Weight-Related Comorbidities,Phase 3,Eli Lilly and Company,2023-06-05,N/A,N/A,no_documents,,2026-06-15T12:15:32.759247
J3Z-MC-OJAB (PRV-GD2-101),NCT04411654,Phase 1/2 Clinical Trial of PR001 in Infants With Type 2 Gaucher Disease (PROVIDE),Phase 1/Phase 2,Prevail Therapeutics,2021-06-29,N/A,N/A,no_documents,,2026-06-15T12:15:32.759336
I6T-MC-AMCD,NCT06937086,Mirikizumab Administered at the Same Time as Tirzepatide in Adult Participants With Moderately to Severely Active Ulcerative Colitis and Obesity or Overweight: Phase 3b Study,Phase 3,Eli Lilly and Company,2025-06-26,N/A,N/A,no_documents,,2026-06-15T12:15:32.759424
HCI181739,NCT06390956,Pirtobrutinib in Combination With Rituximab in Adults With Untreated Marginal Zone Lymphoma (PIONEER-MZL),Phase 2,University of Utah,2025-02-20,N/A,N/A,no_documents,,2026-06-15T12:15:32.759493
J4Z-MC-GIDH,NCT07030127,A Study of LY3985863 in Healthy Participants,Phase 1,Eli Lilly and Company,2025-08-11,N/A,N/A,no_documents,,2026-06-15T12:15:32.759557
H7I-MC-S035,NCT07254234,A Study of Retinal Imaging to Detect Abnormal Protein Deposits Associated With Alzheimer's Disease,N/A (Observational),Eli Lilly and Company,2025-12,N/A,N/A,no_documents,,2026-06-15T12:15:32.759611
J4U-MC-KTAA,NCT06153355,A First-In-Human Study of LY3839840 in Healthy Participants,Phase 1,Eli Lilly and Company,2023-12-04,N/A,N/A,no_documents,,2026-06-15T12:15:32.759667
J3K-MC-KIAA,NCT05042310,A Study of LY3541860 in Healthy Japanese and Non-Japanese Participants,Phase 1,Eli Lilly and Company,2021-11-11,N/A,N/A,no_documents,,2026-06-15T12:15:32.759711
2020-0081_,NCT04656691,At-Home Infusion Using Bamlanivimab in Participants With Mild to Moderate COVID-19,Phase 4,Daniel Griffin,2021-01-04,Prot,Prot_002.pdf,downloaded,lilly_trial_docs/2020-0081__04JAN2021/Prot_Prot_002.pdf,2026-06-15T12:15:33.660611
2020-0081_,NCT04656691,At-Home Infusion Using Bamlanivimab in Participants With Mild to Moderate COVID-19,Phase 4,Daniel Griffin,2021-01-04,SAP,SAP_003.pdf,downloaded,lilly_trial_docs/2020-0081__04JAN2021/SAP_SAP_003.pdf,2026-06-15T12:15:34.698541
J1A-MC-KDAE,NCT05440136,A Safety Study of LY3462817 in Healthy Japanese and Non-Japanese Participants,Phase 1,Eli Lilly and Company,2022-06-28,N/A,N/A,no_documents,,2026-06-15T12:15:34.699296
AK-OTOF-LTFU,NCT06696456,Long Term Follow-up Study of AAVAnc80-hOTOF Gene Therapy,N/A (Observational),"Akouos, Inc.",2024-11-11,N/A,N/A,no_documents,,2026-06-15T12:15:34.699510
I6T-MC-AMBT,NCT05515601,A Bioequivalence Study of Mirikizumab (LY3074828) in Healthy Participants,Phase 1,Eli Lilly and Company,2022-08-31,Prot,Prot_000.pdf,downloaded,lilly_trial_docs/I6T-MC-AMBT_31AUG2022/Prot_Prot_000.pdf,2026-06-15T12:15:35.799800
I6T-MC-AMBT,NCT05515601,A Bioequivalence Study of Mirikizumab (LY3074828) in Healthy Participants,Phase 1,Eli Lilly and Company,2022-08-31,SAP,SAP_001.pdf,downloaded,lilly_trial_docs/I6T-MC-AMBT_31AUG2022/SAP_SAP_001.pdf,2026-06-15T12:15:37.501584
J3L-MC-EZEJ,NCT07613294,A Study to See if Lepodisiran Can Reduce Plaque in Coronary Arteries of Adults With Elevated Lp(a) Who Have Had Heart Events or Are at High Risk,Phase 3,Eli Lilly and Company,2026-05,N/A,N/A,no_documents,,2026-06-15T12:15:37.501796
J2A-MC-GZGD,NCT05051566,A Multiple Dose Study of LY3502970 in Healthy Participants,Phase 1,Eli Lilly and Company,2021-09-16,Prot,Prot_000.pdf,downloaded,lilly_trial_docs/J2A-MC-GZGD_16SEP2021/Prot_Prot_000.pdf,2026-06-15T12:15:39.010810
J2A-MC-GZGD,NCT05051566,A Multiple Dose Study of LY3502970 in Healthy Participants,Phase 1,Eli Lilly and Company,2021-09-16,SAP,SAP_001.pdf,downloaded,lilly_trial_docs/J2A-MC-GZGD_16SEP2021/SAP_SAP_001.pdf,2026-06-15T12:15:40.695344
TP-0009650,NCT05403502,"Safety Evaluation of an Advanced Hybrid Closed Loop System Using Lyumjev With the Tandem t:Slim X2 Insulin Pump With Control-IQ Technology in Adults, Adolescents and Children With Type 1 Diabetes",N/A,"Tandem Diabetes Care, Inc.",2022-08-31,Prot,Prot_000.pdf,downloaded,lilly_trial_docs/TP-0009650_31AUG2022/Prot_Prot_000.pdf,2026-06-15T12:15:42.126578
TP-0009650,NCT05403502,"Safety Evaluation of an Advanced Hybrid Closed Loop System Using Lyumjev With the Tandem t:Slim X2 Insulin Pump With Control-IQ Technology in Adults, Adolescents and Children With Type 1 Diabetes",N/A,"Tandem Diabetes Care, Inc.",2022-08-31,SAP,SAP_001.pdf,downloaded,lilly_trial_docs/TP-0009650_31AUG2022/SAP_SAP_001.pdf,2026-06-15T12:15:43.144535
J2A-MC-GZGK,NCT05313802,A Study of LY3502970 in Healthy Overweight and Obese Participants,Phase 1,Eli Lilly and Company,2022-05-26,Prot,Prot_000.pdf,downloaded,lilly_trial_docs/J2A-MC-GZGK_26MAY2022/Prot_Prot_000.pdf,2026-06-15T12:15:44.157388
J2A-MC-GZGK,NCT05313802,A Study of LY3502970 in Healthy Overweight and Obese Participants,Phase 1,Eli Lilly and Company,2022-05-26,SAP,SAP_001.pdf,downloaded,lilly_trial_docs/J2A-MC-GZGK_26MAY2022/SAP_SAP_001.pdf,2026-06-15T12:15:45.620157
MedOPP321,NCT04603183,"ABemaciclib, ET ± paclItaxel in aGgressive HR+/HER2- MBC trIaL",Phase 2,MedSIR,2021-06-02,N/A,N/A,no_documents,,2026-06-15T12:15:45.620546
J5E-MC-JZXB,NCT07213804,A Two-Part Phase 3 Study of Sofetabart Mipitecan (LY4170156) in Participants With Platinum-Resistant (Part A) and Platinum-Sensitive (Part B) Ovarian Cancer,Phase 3,Eli Lilly and Company,2025-10-22,N/A,N/A,no_documents,,2026-06-15T12:15:45.620705
J3H-MC-GZNA,NCT04758234,A Study of LY3549492 in Healthy Participants,Phase 1,Eli Lilly and Company,2021-02-22,N/A,N/A,no_documents,,2026-06-15T12:15:45.620817
22-225,NCT05501704,ETHAN - ET for Male BC,Phase 2,Jose Pablo Leone,2023-10-11,N/A,N/A,no_documents,,2026-06-15T12:15:45.620901
I4V-MC-JAIO,NCT05723198,A Study of Baricitinib (LY3009104) in Children From 6 Years to Less Than 18 Years of Age With Alopecia Areata,Phase 3,Eli Lilly and Company,2023-02-27,N/A,N/A,no_documents,,2026-06-15T12:15:45.620985
J5B-MC-FHAF,NCT06045000,Mass Balance and Pharmacokinetics (PK) of [14C]-DC-806 in Healthy Male Participants,Phase 1,"DICE Therapeutics, Inc., a wholly owned subsidiary of Eli Lilly and Company",2023-09-14,N/A,N/A,no_documents,,2026-06-15T12:15:45.621111
DIAN-TU-002 (Master),NCT05552157,A Study of Potential Disease Modifying Treatments in Individuals at Risk for or With a Type of Early Onset AD Caused by a Genetic Mutation,Phase 2/Phase 3,Washington University School of Medicine,2024-11-22,N/A,N/A,no_documents,,2026-06-15T12:15:45.621206
J1P-MC-KFAN,NCT05565729,A Phase I Study of LY3471851 in Healthy Participants,Phase 1,Nektar Therapeutics,2022-10-05,N/A,N/A,no_documents,,2026-06-15T12:15:45.621321
MK-3475-D31,NCT05217446,A Study of Encorafenib Plus Cetuximab Taken Together With Pembrolizumab Compared to Pembrolizumab Alone in People With Previously Untreated Metastatic Colorectal Cancer,Phase 2,Pfizer,2022-07-11,N/A,N/A,no_documents,,2026-06-15T12:15:45.621413
J2P-MC-LXBD,NCT06074562,A Study of LY3556050 in Adult Participants With Diabetic Peripheral Neuropathic Pain,Phase 2,Eli Lilly and Company,2023-10-05,N/A,N/A,no_documents,,2026-06-15T12:15:45.621508
BGE-105-005,NCT06515418,Efficacy and Safety of Oral Azelaprag Plus Once Weekly Tirzepatide Compared with Tirzepatide Alone in Participants with Obesity Aged 55 Years and Over,Phase 2,"BioAge Labs, Inc.",2024-06-27,N/A,N/A,no_documents,,2026-06-15T12:15:45.621632
Morf-440-101,NCT06977880,"A Phase 1, First-in-human Study of MORF-440 (LY4292009) in Healthy Participants",Phase 1,"Morphic Therapeutic, Inc. (A Wholly Owned Subsidiary of Eli Lilly and Company)",2025-02-19,N/A,N/A,no_documents,,2026-06-15T12:15:45.621728
J3M-OX-JZQE,NCT05901311,A Study of [14C]-LY3537982 in Healthy Participants,Phase 1,Eli Lilly and Company,2023-06-05,N/A,N/A,no_documents,,2026-06-15T12:15:45.621779
J2A-MC-GZGL,NCT05573230,A Drug Interaction Study of Cyclosporine and LY3502970 in Healthy Participants,Phase 1,Eli Lilly and Company,2022-10-17,Prot,Prot_000.pdf,downloaded,lilly_trial_docs/J2A-MC-GZGL_17OCT2022/Prot_Prot_000.pdf,2026-06-15T12:15:47.030756
J2A-MC-GZGL,NCT05573230,A Drug Interaction Study of Cyclosporine and LY3502970 in Healthy Participants,Phase 1,Eli Lilly and Company,2022-10-17,SAP,SAP_001.pdf,downloaded,lilly_trial_docs/J2A-MC-GZGL_17OCT2022/SAP_SAP_001.pdf,2026-06-15T12:15:48.078289
I8H-MC-BDDB,NCT06362265,A Study to Evaluate Pharmacokinetics of LY3209590 in Pediatric Participants With Type 2 Diabetes Mellitus,Phase 1,Eli Lilly and Company,2024-10-10,N/A,N/A,no_documents,,2026-06-15T12:15:48.078762
J4X-MC-LWCB,NCT07039045,A Study of [14C]-LY4065967 in Healthy Participants,Phase 1,Eli Lilly and Company,2025-06-23,N/A,N/A,no_documents,,2026-06-15T12:15:48.078877
I5T-MC-AACK,NCT05533411,A Study of Donanemab (LY3002813) in Healthy Chinese Participants,Phase 1,Eli Lilly and Company,2022-09-14,Prot,Prot_000.pdf,downloaded,lilly_trial_docs/I5T-MC-AACK_14SEP2022/Prot_Prot_000.pdf,2026-06-15T12:15:49.301977
I5T-MC-AACK,NCT05533411,A Study of Donanemab (LY3002813) in Healthy Chinese Participants,Phase 1,Eli Lilly and Company,2022-09-14,SAP,SAP_001.pdf,downloaded,lilly_trial_docs/I5T-MC-AACK_14SEP2022/SAP_SAP_001.pdf,2026-06-15T12:15:50.317664
J2A-MC-GZPP,NCT06704763,A Drug-Drug Interaction Study of Orforglipron (LY3502970) With Quinidine in Healthy Participants,Phase 1,Eli Lilly and Company,2024-12-06,Prot,Prot_000.pdf,downloaded,lilly_trial_docs/J2A-MC-GZPP_06DEC2024/Prot_Prot_000.pdf,2026-06-15T12:15:51.717844
J2A-MC-GZPP,NCT06704763,A Drug-Drug Interaction Study of Orforglipron (LY3502970) With Quinidine in Healthy Participants,Phase 1,Eli Lilly and Company,2024-12-06,SAP,SAP_001.pdf,downloaded,lilly_trial_docs/J2A-MC-GZPP_06DEC2024/SAP_SAP_001.pdf,2026-06-15T12:15:52.755311
SARC041,NCT04967521,SARC041: Study of Abemaciclib Versus Placebo in Patients with Advanced Dedifferentiated Liposarcoma,Phase 3,Sarcoma Alliance for Research through Collaboration,2021-11-11,N/A,N/A,no_documents,,2026-06-15T12:15:52.755529
J1I-MC-GZQE,NCT06808802,To Investigate the Effect of Retatrutide (LY3437943) on Metoprolol Pharmacokinetics in Healthy Participants,Phase 1,Eli Lilly and Company,2025-02-03,N/A,N/A,no_documents,,2026-06-15T12:15:52.755603
Pro00108755,NCT05237388,Janus Kinase-STAT Inhibition to Reduce APOL1 Associated Kidney Disease,Phase 2,Duke University,2023-04-20,N/A,N/A,no_protocol_or_sap (available: ['ICF']),,2026-06-15T12:15:52.755681
I5T-MC-AACU,NCT07142954,Epidemiology and Biomarker Study in Alzheimer's Disease,Phase 3,Eli Lilly and Company,2025-08-25,N/A,N/A,no_documents,,2026-06-15T12:15:52.755747
20-701,NCT04751929,Abemaciclib With or Without Atezolizumab for mCRPC,Phase 2,Dana-Farber Cancer Institute,2021-08-20,Prot_SAP,Prot_SAP_000.pdf,downloaded,lilly_trial_docs/20-701_20AUG2021/Prot_SAP_Prot_SAP_000.pdf,2026-06-15T12:15:53.789177
J2O-MC-EKBC,NCT05563246,A Study of LY3473329 in Adult Participants With Elevated Lipoprotein(a) at High Risk for Cardiovascular Events,Phase 2,Eli Lilly and Company,2022-11-24,Prot,Prot_000.pdf,downloaded,lilly_trial_docs/J2O-MC-EKBC_24NOV2022/Prot_Prot_000.pdf,2026-06-15T12:15:54.949207
J2O-MC-EKBC,NCT05563246,A Study of LY3473329 in Adult Participants With Elevated Lipoprotein(a) at High Risk for Cardiovascular Events,Phase 2,Eli Lilly and Company,2022-11-24,SAP,SAP_001.pdf,downloaded,lilly_trial_docs/J2O-MC-EKBC_24NOV2022/SAP_SAP_001.pdf,2026-06-15T12:15:55.954280
J3L-MC-EZEA,NCT04914546,A Study of LY3819469 in Healthy Participants,Phase 1,Eli Lilly and Company,2021-06-14,N/A,N/A,no_documents,,2026-06-15T12:15:55.954912
J6M-MC-JSGC,NCT06991179,A Study of Food Effect and Esomeprazole on LY4064809 in Healthy Adult Participants,Phase 1,"Scorpion Therapeutics, a wholly owned subsidiary of Eli Lilly and Company",2025-05-20,N/A,N/A,no_documents,,2026-06-15T12:15:55.955149
CWMM Master Protocol,NCT06230523,A Study of LY3841136 Compared With Placebo in Adult Participants With Obesity or Overweight,Phase 2,Eli Lilly and Company,2024-02-05,N/A,N/A,no_documents,,2026-06-15T12:15:55.955462
29BRC23.0160 - JADORE-BARI,NCT07279688,Justification And Evaluation of Baricitinib Plus Corticosteroids Versus corticosteroiDs Alone in pOlymyalgia RhEumatica,Phase 3,"University Hospital, Brest",2025-12-18,N/A,N/A,no_documents,,2026-06-15T12:15:55.955739
J2X-MC-PYAJ,NCT04701658,A Real World Study of Bamlanivimab in Participants With Mild-to-Moderate Coronavirus Disease 2019 (COVID-19),Phase 2,Eli Lilly and Company,2021-02-01,Prot,Prot_000.pdf,downloaded,lilly_trial_docs/J2X-MC-PYAJ_01FEB2021/Prot_Prot_000.pdf,2026-06-15T12:15:57.174928
J2X-MC-PYAJ,NCT04701658,A Real World Study of Bamlanivimab in Participants With Mild-to-Moderate Coronavirus Disease 2019 (COVID-19),Phase 2,Eli Lilly and Company,2021-02-01,SAP,SAP_001.pdf,downloaded,lilly_trial_docs/J2X-MC-PYAJ_01FEB2021/SAP_SAP_001.pdf,2026-06-15T12:15:58.650531
I8F-MC-GPHM,NCT04657016,A Study of Tirzepatide (LY3298176) In Participants After A Lifestyle Weight Loss Program,Phase 3,Eli Lilly and Company,2021-03-29,Prot,Prot_000.pdf,downloaded,lilly_trial_docs/I8F-MC-GPHM_29MAR2021/Prot_Prot_000.pdf,2026-06-15T12:15:59.774726
I8F-MC-GPHM,NCT04657016,A Study of Tirzepatide (LY3298176) In Participants After A Lifestyle Weight Loss Program,Phase 3,Eli Lilly and Company,2021-03-29,SAP,SAP_001.pdf,downloaded,lilly_trial_docs/I8F-MC-GPHM_29MAR2021/SAP_SAP_001.pdf,2026-06-15T12:16:00.834246
PNT6555-01,NCT05432193,"FAPi Radioligand OpeN-Label, Phase 1 Study to Evaluate Safety, Tolerability and DosImetry of [Lu-177]-PNT6555; A Dose Escalation Study for TReatment of Patients With Select Solid Tumors (FRONTIER)",Phase 1,"POINT Biopharma, a wholly owned subsidiary of Eli Lilly and Company",2022-07-13,N/A,N/A,no_documents,,2026-06-15T12:16:00.834493
IMCL-2023,NCT07285590,Clinical Trial to Evaluate the Efficacy and Safety of Pirtobrutinib With Rituximab in Patients With Mantle Cell Lymphoma,Phase 2,Grupo Español de Linfomas y Transplante Autólogo de Médula Ósea,2025-09-30,N/A,N/A,no_documents,,2026-06-15T12:16:00.834608
W8M-MC-MC01,NCT07589608,"A Study to Investigate Weight Management With Macupatide and Eloralintide, Alone or in Combination, in Adult Participants With Obesity or Overweight",Phase 2,Eli Lilly and Company,2026-06,N/A,N/A,no_documents,,2026-06-15T12:16:00.834798
J1I-JE-GZBC,NCT04823208,A Study of LY3437943 in Japanese Participants With Type 2 Diabetes Mellitus (T2DM),Phase 1,Eli Lilly and Company,2021-05-24,N/A,N/A,no_documents,,2026-06-15T12:16:00.834893
23-355,NCT06001762,TRADE: Dose Escalation Tolerability of Abemaciclib in HR+ HER2- Early Stage Breast Cancer,Phase 2,Dana-Farber Cancer Institute,2023-10-05,N/A,N/A,no_documents,,2026-06-15T12:16:00.834961
J3M-OX-JZQG,NCT07137689,A Study of LY3537982 in Participants With Kidney Problems Compared With Participants With Normal Kidney Function,Phase 1,Eli Lilly and Company,2025-08-18,N/A,N/A,no_documents,,2026-06-15T12:16:00.835022
J3M-OX-JZQJ,NCT06111521,"A Drug-Drug Interaction Study of LY3537982 on Midazolam, Digoxin, and Rosuvastatin in Healthy Participants",Phase 1,Eli Lilly and Company,2023-10-27,N/A,N/A,no_documents,,2026-06-15T12:16:00.835086
J2A-MC-GZGH,NCT05341089,A Study of Two Different Formulations of LY3502970 in Healthy Participants,Phase 1,Eli Lilly and Company,2022-05-17,Prot,Prot_000.pdf,downloaded,lilly_trial_docs/J2A-MC-GZGH_17MAY2022/Prot_Prot_000.pdf,2026-06-15T12:16:02.706605
J2A-MC-GZGH,NCT05341089,A Study of Two Different Formulations of LY3502970 in Healthy Participants,Phase 1,Eli Lilly and Company,2022-05-17,SAP,SAP_001.pdf,downloaded,lilly_trial_docs/J2A-MC-GZGH_17MAY2022/SAP_SAP_001.pdf,2026-06-15T12:16:04.150258
J6E-MC-KWAL,NCT05291689,A Phase 2a Open-Label Study to Evaluate the Efficacy and Safety of MORF-057 in Adults With UC,Phase 2,"Morphic Therapeutic, Inc. (A Wholly Owned Subsidiary of Eli Lilly and Company)",2022-04-13,Prot,Prot_000.pdf,downloaded,lilly_trial_docs/J6E-MC-KWAL_13APR2022/Prot_Prot_000.pdf,2026-06-15T12:16:05.920219
J6E-MC-KWAL,NCT05291689,A Phase 2a Open-Label Study to Evaluate the Efficacy and Safety of MORF-057 in Adults With UC,Phase 2,"Morphic Therapeutic, Inc. (A Wholly Owned Subsidiary of Eli Lilly and Company)",2022-04-13,SAP,SAP_001.pdf,downloaded,lilly_trial_docs/J6E-MC-KWAL_13APR2022/SAP_SAP_001.pdf,2026-06-15T12:16:07.352963
"J5C-MC-FOAH, DCE853105",NCT06916143,"Comparing the Extent to Which Three Different Formulations of LY4100511 (DC-853) Are Made Available in the Body, Alone and in the Presence of a Drug That Reduces Stomach Acid",Phase 1,Eli Lilly and Company,2025-04-08,N/A,N/A,no_documents,,2026-06-15T12:16:07.353267
J3M-JE-JZQL,NCT07124013,A Study of Olomorasib (LY3537982) in Healthy Japanese Participants,Phase 1,Eli Lilly and Company,2025-09-16,N/A,N/A,no_documents,,2026-06-15T12:16:07.353412
I5T-MC-AACY,NCT07602582,A Study of Donanemab (LY3002813) in Participants Who Completed Study AACM (TRAILBLAZER-ALZ 3-EXT).,Phase 3,Eli Lilly and Company,2026-05,N/A,N/A,no_documents,,2026-06-15T12:16:07.353524
J3M-OX-JZQK,NCT07044271,A Study of Multiple Olomorasib (LY3537982) Capsules in Healthy Participants,Phase 1,Eli Lilly and Company,2025-07-11,N/A,N/A,no_documents,,2026-06-15T12:16:07.353660
J5H-MC-KVAA,NCT07021547,A Study of LY3867070 in Healthy Participants,Phase 1,Eli Lilly and Company,2025-05-27,N/A,N/A,no_documents,,2026-06-15T12:16:07.353772
J5X-MC-YJAA,NCT06709820,A Study of LY4060874 in Healthy Participants,Phase 1,Eli Lilly and Company,2024-12-02,N/A,N/A,no_documents,,2026-06-15T12:16:07.353865
J2T-MC-KGCE,NCT07006792,A Study to See How Well Lebrikizumab Works in Adults and Adolescents With Moderate Atopic Dermatitis (Eczema) and High Itch Burden,Phase 4,Eli Lilly and Company,2025-06-16,N/A,N/A,no_documents,,2026-06-15T12:16:07.353968
I8F-MC-GPJD,NCT06962280,A Long-Term Study of Tirzepatide (LY3298176) in Adults With Type 1 Diabetes and Obesity or Overweight,Phase 3,Eli Lilly and Company,2025-05-12,N/A,N/A,no_documents,,2026-06-15T12:16:07.354077
J4X-JE-LWCA,NCT06594159,A Study of LY4065967 in Healthy Japanese Participants,Phase 1,Eli Lilly and Company,2024-10-22,N/A,N/A,no_documents,,2026-06-15T12:16:07.354202
AT148006,NCT05002127,A Study of Evorpacept (ALX148) in Patients With Advanced HER2+ Gastric Cancer (ASPEN-06),Phase 2/Phase 3,ALX Oncology Inc.,2022-01-15,N/A,N/A,no_documents,,2026-06-15T12:16:07.354294
J5C-MC-FOAA,NCT06311656,"A Study to Evaluate Safety, Tolerability of LY4100511 (DC-853) in Healthy Asian and Non-Asian Participants",Phase 1,"DICE Therapeutics, Inc., a wholly owned subsidiary of Eli Lilly and Company",2024-03-19,N/A,N/A,no_documents,,2026-06-15T12:16:07.354408
AK-OTOF-101,NCT05821959,Gene Therapy Trial for Otoferlin Gene-mediated Hearing Loss,Phase 1/Phase 2,"Akouos, Inc.",2023-09-15,N/A,N/A,no_documents,,2026-06-15T12:16:07.354489
J5C-MC-FOAG,NCT06345794,A Study to Assess LY4100511 (DC-853) in Healthy Adult Participants,Phase 1,"DICE Therapeutics, Inc., a wholly owned subsidiary of Eli Lilly and Company",2024-04-03,N/A,N/A,no_documents,,2026-06-15T12:16:07.354575
J6J-AV-AVCA,NCT07258836,A Study of [18F]LY4214835 in Healthy Volunteers and Participants With Cancer,Phase 1,Eli Lilly and Company,2025-12-22,N/A,N/A,no_documents,,2026-06-15T12:16:07.354659
I8B-MC-ITSU,NCT05262387,A Study of LY900014 (Lyumjev) Versus Insulin Lispro (Humalog) in Participants With Type 1 Diabetes,Phase 1,Eli Lilly and Company,2022-02-14,Prot,Prot_000.pdf,downloaded,lilly_trial_docs/I8B-MC-ITSU_14FEB2022/Prot_Prot_000.pdf,2026-06-15T12:16:08.504753
I8B-MC-ITSU,NCT05262387,A Study of LY900014 (Lyumjev) Versus Insulin Lispro (Humalog) in Participants With Type 1 Diabetes,Phase 1,Eli Lilly and Company,2022-02-14,SAP,SAP_001.pdf,downloaded,lilly_trial_docs/I8B-MC-ITSU_14FEB2022/SAP_SAP_001.pdf,2026-06-15T12:16:09.508764
J2N-OX-JZNO,NCT04965493,A Trial of Pirtobrutinib (LOXO-305) Plus Venetoclax and Rituximab (PVR) Versus Venetoclax and Rituximab (VR) in Previously Treated Chronic Lymphocytic Leukemia/Small Lymphocytic Lymphoma (CLL/SLL),Phase 3,"Loxo Oncology, Inc.",2021-09-20,N/A,N/A,no_documents,,2026-06-15T12:16:09.509107
I9X-MC-MTAE,NCT05063539,"A Study of LY3372689 to Assess the Safety, Tolerability, and Efficacy in Participants With Alzheimer's Disease",Phase 2,Eli Lilly and Company,2021-09-16,Prot,Prot_002.pdf,downloaded,lilly_trial_docs/I9X-MC-MTAE_16SEP2021/Prot_Prot_002.pdf,2026-06-15T12:16:10.964189
I9X-MC-MTAE,NCT05063539,"A Study of LY3372689 to Assess the Safety, Tolerability, and Efficacy in Participants With Alzheimer's Disease",Phase 2,Eli Lilly and Company,2021-09-16,SAP,SAP_003.pdf,downloaded,lilly_trial_docs/I9X-MC-MTAE_16SEP2021/SAP_SAP_003.pdf,2026-06-15T12:16:12.422058
J2A-MC-GZPL,NCT06948422,A Master Protocol for Orforglipron (LY3502970) in Participants With Hypertension and Obesity or Overweight: (ATTAIN-Hypertension Screening),Phase 3,Eli Lilly and Company,2025-04-30,N/A,N/A,no_documents,,2026-06-15T12:16:12.422603
I9Y-OX-JDHE,NCT06181084,A Study Comparing Different Formulations of LY3410738 in Healthy Adult Participants,Phase 1,Eli Lilly and Company,2021-10-11,N/A,N/A,no_documents,,2026-06-15T12:16:12.422713
I8F-MC-GPIL,NCT05706506,A Study of Tirzepatide (LY3298176) in Adults With Type 2 Diabetes Switching From a GLP-1 RA (SURPASS-SWITCH-2),Phase 4,Eli Lilly and Company,2023-03-08,Prot,Prot_000.pdf,downloaded,lilly_trial_docs/I8F-MC-GPIL_08MAR2023/Prot_Prot_000.pdf,2026-06-15T12:16:13.458654
I8F-MC-GPIL,NCT05706506,A Study of Tirzepatide (LY3298176) in Adults With Type 2 Diabetes Switching From a GLP-1 RA (SURPASS-SWITCH-2),Phase 4,Eli Lilly and Company,2023-03-08,SAP,SAP_001.pdf,downloaded,lilly_trial_docs/I8F-MC-GPIL_08MAR2023/SAP_SAP_001.pdf,2026-06-15T12:16:14.477902
J6E-MC-KWAC,NCT06964776,A Study of LY4268989 (MORF-057) in Healthy Participants,Phase 1,Eli Lilly and Company,2025-05-01,N/A,N/A,no_documents,,2026-06-15T12:16:14.478135
I5Q-MC-CGBD,NCT05127486,A Study of Galcanezumab (LY2951742) in Adult Participants With Episodic Migraine,Phase 4,Eli Lilly and Company,2021-12-06,Prot,Prot_000.pdf,downloaded,lilly_trial_docs/I5Q-MC-CGBD_06DEC2021/Prot_Prot_000.pdf,2026-06-15T12:16:15.857752
I5Q-MC-CGBD,NCT05127486,A Study of Galcanezumab (LY2951742) in Adult Participants With Episodic Migraine,Phase 4,Eli Lilly and Company,2021-12-06,SAP,SAP_001.pdf,downloaded,lilly_trial_docs/I5Q-MC-CGBD_06DEC2021/SAP_SAP_001.pdf,2026-06-15T12:16:18.422655
H0P-MC-OA02,NCT05080660,Chronic Pain Master Protocol (CPMP): A Study of LY3526318 in Participants With Osteoarthritis,Phase 2,Eli Lilly and Company,2021-10-12,Prot,Prot_004.pdf,downloaded,lilly_trial_docs/H0P-MC-OA02_12OCT2021/Prot_Prot_004.pdf,2026-06-15T12:16:19.945278
H0P-MC-OA02,NCT05080660,Chronic Pain Master Protocol (CPMP): A Study of LY3526318 in Participants With Osteoarthritis,Phase 2,Eli Lilly and Company,2021-10-12,SAP,SAP_005.pdf,downloaded,lilly_trial_docs/H0P-MC-OA02_12OCT2021/SAP_SAP_005.pdf,2026-06-15T12:16:21.070034
22915-01,NCT05708859,Effect of Tirzepatide on Progression of Coronary Atherosclerosis Using MDCT,Phase 4,Matthew J. Budoff,2024-01-02,N/A,N/A,no_documents,,2026-06-15T12:16:21.070296
"J5C-MC-FOAF, DC-853104",NCT06503679,"A Drug-drug Interaction Study Evaluating the Perpetrator Potential of LY4100511 (DC-853) on Midazolam, Repaglinide, Digoxin, Rosuvastatin in Healthy Participants",Phase 1,"DICE Therapeutics, Inc., a wholly owned subsidiary of Eli Lilly and Company",2024-07-16,N/A,N/A,no_documents,,2026-06-15T12:16:21.070479
J3R-MC-YDAH,NCT07401862,A Study of Eloralintide (LY3841136) in Participants With Different Levels of Liver Damage and in Participants With Healthy Livers.,Phase 1,Eli Lilly and Company,2026-02-10,N/A,N/A,no_documents,,2026-06-15T12:16:21.070603
24-017,NCT06333262,Fixed Duration Pirtobrutinib and Obinutuzumab in Chronic Lymphocytic Leukemia,Phase 2,Inhye Ahn,2024-04-22,N/A,N/A,no_documents,,2026-06-15T12:16:21.070693
J3M-OX-JZQI,NCT05824858,A Study of the Effect of Food on LY3537982 in Healthy Participants,Phase 1,Eli Lilly and Company,2023-04-12,N/A,N/A,no_documents,,2026-06-15T12:16:21.070771
23-021524,NCT06458036,Selpercatinib Pre-RAI in Patients With RET Fusion Thyroid Cancer (RAISE),Phase 2,Children's Hospital of Philadelphia,2024-07-29,N/A,N/A,no_documents,,2026-06-15T12:16:21.070865
J4Y-MC-S003,NCT07140744,A Study Evaluating the Impact of P-tau217 Blood Biomarker Testing on Early Evaluation and Management of Patients Presenting With Cognitive Complaint,N/A,Eli Lilly and Company,2025-08-22,N/A,N/A,no_documents,,2026-06-15T12:16:21.070961
J2N-OX-JZNV,NCT06258174,A Study of Two Different Formulations of Pirtobrutinib (LOXO-305) In Healthy Participants,Phase 1,Eli Lilly and Company,2021-09-28,Prot,Prot_000.pdf,downloaded,lilly_trial_docs/J2N-OX-JZNV_28SEP2021/Prot_Prot_000.pdf,2026-06-15T12:16:22.588047
J2N-OX-JZNV,NCT06258174,A Study of Two Different Formulations of Pirtobrutinib (LOXO-305) In Healthy Participants,Phase 1,Eli Lilly and Company,2021-09-28,SAP,SAP_001.pdf,downloaded,lilly_trial_docs/J2N-OX-JZNV_28SEP2021/SAP_SAP_001.pdf,2026-06-15T12:16:23.582231
J4Z-MC-GIDA,NCT05616013,Safety and Efficacy of Bimagrumab and Semaglutide in Adults Who Are Overweight or Obese,Phase 2,Eli Lilly and Company,2022-11-16,Prot,Prot_002.pdf,downloaded,lilly_trial_docs/J4Z-MC-GIDA_16NOV2022/Prot_Prot_002.pdf,2026-06-15T12:16:25.068129
J4Z-MC-GIDA,NCT05616013,Safety and Efficacy of Bimagrumab and Semaglutide in Adults Who Are Overweight or Obese,Phase 2,Eli Lilly and Company,2022-11-16,SAP,SAP_003.pdf,downloaded,lilly_trial_docs/J4Z-MC-GIDA_16NOV2022/SAP_SAP_003.pdf,2026-06-15T12:16:26.426322
I8F-MC-GPIM,NCT05691712,A Study of Tirzepatide (LY3298176) in Chinese Participants With Type 2 Diabetes,Phase 3,Eli Lilly and Company,2023-02-05,Prot,Prot_000.pdf,downloaded,lilly_trial_docs/I8F-MC-GPIM_05FEB2023/Prot_Prot_000.pdf,2026-06-15T12:16:28.318258
I8F-MC-GPIM,NCT05691712,A Study of Tirzepatide (LY3298176) in Chinese Participants With Type 2 Diabetes,Phase 3,Eli Lilly and Company,2023-02-05,SAP,SAP_001.pdf,downloaded,lilly_trial_docs/I8F-MC-GPIM_05FEB2023/SAP_SAP_001.pdf,2026-06-15T12:16:29.337936
J2N-MC-JZNJ,NCT04849416,A Study of LOXO-305 in Chinese Participants With Blood Cancer (Including Lymphoma and Chronic Leukemia),Phase 2,Eli Lilly and Company,2021-05-14,Prot,Prot_000.pdf,downloaded,lilly_trial_docs/J2N-MC-JZNJ_14MAY2021/Prot_Prot_000.pdf,2026-06-15T12:16:31.298231
J2N-MC-JZNJ,NCT04849416,A Study of LOXO-305 in Chinese Participants With Blood Cancer (Including Lymphoma and Chronic Leukemia),Phase 2,Eli Lilly and Company,2021-05-14,SAP,SAP_001.pdf,downloaded,lilly_trial_docs/J2N-MC-JZNJ_14MAY2021/SAP_SAP_001.pdf,2026-06-15T12:16:32.664915
J6E-MC-KWAN,NCT07186101,LY4268989 (MORF-057) Co-Administered With Mirikizumab in Adults With Moderately to Severely Active Ulcerative Colitis:,Phase 2,Eli Lilly and Company,2025-11-10,N/A,N/A,no_documents,,2026-06-15T12:16:32.665487
I8F-MC-GPID,NCT04847557,A Study of Tirzepatide (LY3298176) in Participants With Heart Failure With Preserved Ejection Fraction (HFpEF) and Obesity: The SUMMIT Trial,Phase 3,Eli Lilly and Company,2021-04-20,Prot,Prot_000.pdf,downloaded,lilly_trial_docs/I8F-MC-GPID_20APR2021/Prot_Prot_000.pdf,2026-06-15T12:16:34.198210
I8F-MC-GPID,NCT04847557,A Study of Tirzepatide (LY3298176) in Participants With Heart Failure With Preserved Ejection Fraction (HFpEF) and Obesity: The SUMMIT Trial,Phase 3,Eli Lilly and Company,2021-04-20,SAP,SAP_001.pdf,downloaded,lilly_trial_docs/I8F-MC-GPID_20APR2021/SAP_SAP_001.pdf,2026-06-15T12:16:35.093637
J3R-MC-YDAN,NCT07353931,Efficacy and Safety of Eloralintide (LY3841136) in Participants With Osteoarthritis Knee Pain and Obesity or Overweight,Phase 3,Eli Lilly and Company,2026-02-09,N/A,N/A,no_documents,,2026-06-15T12:16:35.093970
H0P-MC-BP05,NCT05630196,A Chronic Pain Master Protocol (CPMP): A Study of LY3857210 in Participants With Chronic Low Back Pain,Phase 2,Eli Lilly and Company,2022-12-08,Prot,Prot_000.pdf,downloaded,lilly_trial_docs/H0P-MC-BP05_08DEC2022/Prot_Prot_000.pdf,2026-06-15T12:16:36.137926
H0P-MC-BP05,NCT05630196,A Chronic Pain Master Protocol (CPMP): A Study of LY3857210 in Participants With Chronic Low Back Pain,Phase 2,Eli Lilly and Company,2022-12-08,SAP,SAP_001.pdf,downloaded,lilly_trial_docs/H0P-MC-BP05_08DEC2022/SAP_SAP_001.pdf,2026-06-15T12:16:37.141525
I8H-MC-BDDF,NCT05914688,A Study to Compare Two Formulations of LY3209590 in Healthy Participants,Phase 1,Eli Lilly and Company,2023-06-26,N/A,N/A,no_documents,,2026-06-15T12:16:37.141784
J1B-MC-FRCJ,NCT06173895,A Relative Bioavailability Study of LY3454738 in Healthy Participants,Phase 1,Eli Lilly and Company,2024-01-12,N/A,N/A,no_documents,,2026-06-15T12:16:37.141884
J2R-MC-YAAD,NCT07169851,A Study to Evaluate LY3537021 for the Treatment of Nausea and Vomiting Caused by Chemotherapy in Adults With Cancer,Phase 2,Eli Lilly and Company,2025-11-28,N/A,N/A,no_documents,,2026-06-15T12:16:37.141941
J2A-MC-GZP2,NCT06972472,A Study of Orforglipron (LY3502970) in Participants With Obesity or Overweight and Type 2 Diabetes,Phase 3,Eli Lilly and Company,2025-05-19,N/A,N/A,no_documents,,2026-06-15T12:16:37.142027
J4Z-MC-GIDF,NCT06643728,"A Study to Investigate Weight Management With Bimagrumab (LY3985863) and Tirzepatide (LY3298176), Alone or in Combination, in Adults With Obesity or Overweight",Phase 2,Eli Lilly and Company,2024-10-21,N/A,N/A,no_documents,,2026-06-15T12:16:37.142117
J2J-MC-JZLE,NCT04991766,A Study of [¹⁴C]-LY3484356 in Healthy Female Participants,Phase 1,Eli Lilly and Company,2021-08-13,Prot,Prot_000.pdf,downloaded,lilly_trial_docs/J2J-MC-JZLE_13AUG2021/Prot_Prot_000.pdf,2026-06-15T12:16:38.586515
J2J-MC-JZLE,NCT04991766,A Study of [¹⁴C]-LY3484356 in Healthy Female Participants,Phase 1,Eli Lilly and Company,2021-08-13,SAP,SAP_001.pdf,downloaded,lilly_trial_docs/J2J-MC-JZLE_13AUG2021/SAP_SAP_001.pdf,2026-06-15T12:16:40.028533
NCI-2022-05748,NCT05496959,"177-Lutetium-PSMA Before Stereotactic Body Radiotherapy for the Treatment of Oligorecurrent Prostate Cancer, The LUNAR Study",Phase 2,Jonsson Comprehensive Cancer Center,2022-09-02,N/A,N/A,no_documents,,2026-06-15T12:16:40.029168
J2T-MC-KGBT,NCT06339008,A Study of Lebrikizumab in Adult Participants With Perennial Allergic Rhinitis (PREPARED-1),Phase 3,Eli Lilly and Company,2024-04-26,N/A,N/A,no_documents,,2026-06-15T12:16:40.029389
I8F-MC-GPJF,NCT07247084,A Study of Tirzepatide (LY3298176) Compared With Standard of Care in Adult Participants With Obesity and Without Diabetes (SURMOUNT-REAL UK),Phase 4,Eli Lilly and Company,2025-11-24,N/A,N/A,no_documents,,2026-06-15T12:16:40.029579
J2G-MC-JZJU,NCT05136404,A Relative Bioavailability Study of Selpercatinib (LY3527723) in Healthy Participants,Phase 1,"Loxo Oncology, Inc.",2021-12-03,Prot,Prot_000.pdf,downloaded,lilly_trial_docs/J2G-MC-JZJU_03DEC2021/Prot_Prot_000.pdf,2026-06-15T12:16:41.358083
J2G-MC-JZJU,NCT05136404,A Relative Bioavailability Study of Selpercatinib (LY3527723) in Healthy Participants,Phase 1,"Loxo Oncology, Inc.",2021-12-03,SAP,SAP_001.pdf,downloaded,lilly_trial_docs/J2G-MC-JZJU_03DEC2021/SAP_SAP_001.pdf,2026-06-15T12:16:42.572042
NCI-2025-03338,NCT06967610,"Phase II Study of Combined Pirtobrutinib, Venetoclax and Obinutuzumab (PVO) Time-limited Treatment for Patients With Recurrent Chronic Lymphocytic Leukemia/Small Lymphocytic Lymphoma (CLL/SLL).",Phase 2,M.D. Anderson Cancer Center,2025-07-15,N/A,N/A,no_documents,,2026-06-15T12:16:42.572314
2022P002809,NCT05734690,COPILOT-HF: Cooperative Program for ImpLementation of Optimal Therapy in Heart Failure,Phase 4,Brigham and Women's Hospital,2023-05-05,N/A,N/A,no_documents,,2026-06-15T12:16:42.572391
23/028,NCT06812715,Clonal Dynamics of Chronic Lymphocytic Leukaemia Treated With Pirtobrutinib After Previous Treatment With Zanubrutinib,Phase 2,"Peter MacCallum Cancer Centre, Australia",2025-05-05,N/A,N/A,no_documents,,2026-06-15T12:16:42.572463
J1X-MC-GZHI,NCT05794243,A Multiple-Dose Study of LY3493269 in Healthy Participants,Phase 1,Eli Lilly and Company,2023-03-23,Prot,Prot_000.pdf,downloaded,lilly_trial_docs/J1X-MC-GZHI_23MAR2023/Prot_Prot_000.pdf,2026-06-15T12:16:44.013319
J1X-MC-GZHI,NCT05794243,A Multiple-Dose Study of LY3493269 in Healthy Participants,Phase 1,Eli Lilly and Company,2023-03-23,SAP,SAP_001.pdf,downloaded,lilly_trial_docs/J1X-MC-GZHI_23MAR2023/SAP_SAP_001.pdf,2026-06-15T12:16:45.016555
75430,NCT06191848,Subcutaneous Tirzepatide Once-weekly in Patients With Obesity and Knee Osteoarthritis (STOP KNEE-OA),Phase 4,University of Melbourne,2024-11-19,SAP,SAP_000.pdf,downloaded,lilly_trial_docs/75430_19NOV2024/SAP_SAP_000.pdf,2026-06-15T12:16:46.139849
I8H-MC-BDCW,NCT05662332,A Study of Insulin Efsitora Alfa (LY3209590) Compared to Glargine in Adult Participants With Type 2 Diabetes Who Are Starting Basal Insulin for the First Time (QWINT-1),Phase 3,Eli Lilly and Company,2023-01-14,Prot,Prot_000.pdf,downloaded,lilly_trial_docs/I8H-MC-BDCW_14JAN2023/Prot_Prot_000.pdf,2026-06-15T12:16:47.523474
I8H-MC-BDCW,NCT05662332,A Study of Insulin Efsitora Alfa (LY3209590) Compared to Glargine in Adult Participants With Type 2 Diabetes Who Are Starting Basal Insulin for the First Time (QWINT-1),Phase 3,Eli Lilly and Company,2023-01-14,SAP,SAP_001.pdf,downloaded,lilly_trial_docs/I8H-MC-BDCW_14JAN2023/SAP_SAP_001.pdf,2026-06-15T12:16:48.632064
MCC-21-LUN-126-PMC,NCT05254795,Precision Medicine Randomized Clinical Trial Comparing Molecular Tumor Board Assisted Care to Usual Care,N/A,Timothy Mullett,2022-04-13,N/A,N/A,no_documents,,2026-06-15T12:16:48.632295
AFT-50,NCT04486352,A Study of Targeted Agents for Patients With Recurrent or Persistent Endometrial Cancer,Phase 1/Phase 2,"Alliance Foundation Trials, LLC.",2021-10-20,N/A,N/A,no_documents,,2026-06-15T12:16:48.632461
I8F-MC-GPHV,NCT05696847,A Study of Tirzepatide (LY3298176) in Pediatric Participants With Obesity,Phase 1,Eli Lilly and Company,2023-02-07,Prot,Prot_000.pdf,downloaded,lilly_trial_docs/I8F-MC-GPHV_07FEB2023/Prot_Prot_000.pdf,2026-06-15T12:16:49.664049
I8F-MC-GPHV,NCT05696847,A Study of Tirzepatide (LY3298176) in Pediatric Participants With Obesity,Phase 1,Eli Lilly and Company,2023-02-07,SAP,SAP_001.pdf,downloaded,lilly_trial_docs/I8F-MC-GPHV_07FEB2023/SAP_SAP_001.pdf,2026-06-15T12:16:50.673127
202209182,NCT06009653,Effects of Tirzepatide Plus Intensive Lifestyle Therapy on Body Weight and Metabolic Health in Latinos With Obesity,Phase 4,Washington University School of Medicine,2023-09-13,N/A,N/A,no_documents,,2026-06-15T12:16:50.673907
I6T-MC-AMCB,NCT06475729,A Bioequivalence Study of Citrate Free Mirikizumab (LY3074828) in Healthy Participants,Phase 1,Eli Lilly and Company,2024-06-24,Prot,Prot_000.pdf,downloaded,lilly_trial_docs/I6T-MC-AMCB_24JUN2024/Prot_Prot_000.pdf,2026-06-15T12:16:51.787528
I6T-MC-AMCB,NCT06475729,A Bioequivalence Study of Citrate Free Mirikizumab (LY3074828) in Healthy Participants,Phase 1,Eli Lilly and Company,2024-06-24,SAP,SAP_001.pdf,downloaded,lilly_trial_docs/I6T-MC-AMCB_24JUN2024/SAP_SAP_001.pdf,2026-06-15T12:16:52.789500
1245-0387,NCT07063316,SGLT2 Inhibitors and Renal Anemia in Japan: RWD,N/A (Observational),Boehringer Ingelheim,2025-07-23,N/A,N/A,no_documents,,2026-06-15T12:16:52.789904
S66468,NCT05872204,Abemaciclib and Letrozole in Patients With Estrogen Receptor-positive Rare Ovarian Cancer,Phase 2,Universitaire Ziekenhuizen KU Leuven,2023-11-30,N/A,N/A,no_documents,,2026-06-15T12:16:52.790131
J6S-MC-KCAA,NCT07276958,A Study of LY4298445 in Healthy Participants and Participants With Systemic Lupus Erythematosus (SLE) or Rheumatoid Arthritis (RA),Phase 1,Eli Lilly and Company,2026-02-04,N/A,N/A,no_documents,,2026-06-15T12:16:52.790250
J3P-MC-FTAF,NCT05848258,An Adaptive Phase 2a/2b Study of LY3871801 in Adult Participants With Rheumatoid Arthritis,Phase 2,Eli Lilly and Company,2023-05-23,N/A,N/A,no_documents,,2026-06-15T12:16:52.790339
J2A-MC-GZPG,NCT06186622,A Drug-Drug Interaction Study of Orforglipron (LY3502970) in Healthy Overweight and Obese Participants,Phase 1,Eli Lilly and Company,2024-01-02,Prot,Prot_000.pdf,downloaded,lilly_trial_docs/J2A-MC-GZPG_02JAN2024/Prot_Prot_000.pdf,2026-06-15T12:16:54.013298
J2A-MC-GZPG,NCT06186622,A Drug-Drug Interaction Study of Orforglipron (LY3502970) in Healthy Overweight and Obese Participants,Phase 1,Eli Lilly and Company,2024-01-02,SAP,SAP_001.pdf,downloaded,lilly_trial_docs/J2A-MC-GZPG_02JAN2024/SAP_SAP_001.pdf,2026-06-15T12:16:55.217906
J1I-MC-GZBF,NCT04881760,A Study of LY3437943 in Participants Who Have Obesity or Are Overweight,Phase 2,Eli Lilly and Company,2021-05-20,Prot,Prot_000.pdf,downloaded,lilly_trial_docs/J1I-MC-GZBF_20MAY2021/Prot_Prot_000.pdf,2026-06-15T12:16:56.958000
J1I-MC-GZBF,NCT04881760,A Study of LY3437943 in Participants Who Have Obesity or Are Overweight,Phase 2,Eli Lilly and Company,2021-05-20,SAP,SAP_001.pdf,downloaded,lilly_trial_docs/J1I-MC-GZBF_20MAY2021/SAP_SAP_001.pdf,2026-06-15T12:16:58.484483
J6Y-OX-JBFA,NCT07226843,A Study of LY4584180 in Adult Participants With Previously Treated Blood Cancers,Phase 1,Eli Lilly and Company,2026-04-17,N/A,N/A,no_documents,,2026-06-15T12:16:58.485038
J2A-MC-GZGT,NCT05971940,A Study of Orforglipron (LY3502970) in Adult Participants With Type 2 Diabetes and Inadequate Glycemic Control With Diet and Exercise Alone,Phase 3,Eli Lilly and Company,2023-08-09,Prot,Prot_000.pdf,downloaded,lilly_trial_docs/J2A-MC-GZGT_09AUG2023/Prot_Prot_000.pdf,2026-06-15T12:17:00.863624
J2A-MC-GZGT,NCT05971940,A Study of Orforglipron (LY3502970) in Adult Participants With Type 2 Diabetes and Inadequate Glycemic Control With Diet and Exercise Alone,Phase 3,Eli Lilly and Company,2023-08-09,SAP,SAP_001.pdf,downloaded,lilly_trial_docs/J2A-MC-GZGT_09AUG2023/SAP_SAP_001.pdf,2026-06-15T12:17:03.193252
J2N-OX-JZNE,NCT06215430,"A Study of Effect of Multiple Doses of LOXO-305 on the Pharmacokinetics of Single Oral Doses of CYP1A2, CYP2C9, CYP2C19 Substrates in Healthy Participants",Phase 1,Eli Lilly and Company,2021-01-11,Prot,Prot_000.pdf,downloaded,lilly_trial_docs/J2N-OX-JZNE_11JAN2021/Prot_Prot_000.pdf,2026-06-15T12:17:04.911351
J2N-OX-JZNE,NCT06215430,"A Study of Effect of Multiple Doses of LOXO-305 on the Pharmacokinetics of Single Oral Doses of CYP1A2, CYP2C9, CYP2C19 Substrates in Healthy Participants",Phase 1,Eli Lilly and Company,2021-01-11,SAP,SAP_001.pdf,downloaded,lilly_trial_docs/J2N-OX-JZNE_11JAN2021/SAP_SAP_001.pdf,2026-06-15T12:17:06.661014
TNG456-C101,NCT06810544,Safety and Tolerability of TNG456 Alone and in Combination With Abemaciclib in Patients With Solid Tumors With MTAP Loss,Phase 1/Phase 2,"Tango Therapeutics, Inc.",2025-03-24,N/A,N/A,no_documents,,2026-06-15T12:17:06.661440
I4T-MC-JVDU,NCT04557384,A Study of Ramucirumab (LY3009806) Given by Injection Under the Skin in Participants With Advanced Cancer,Phase 1,Eli Lilly and Company,2021-02-23,Prot,Prot_000.pdf,downloaded,lilly_trial_docs/I4T-MC-JVDU_23FEB2021/Prot_Prot_000.pdf,2026-06-15T12:17:08.546957
I4T-MC-JVDU,NCT04557384,A Study of Ramucirumab (LY3009806) Given by Injection Under the Skin in Participants With Advanced Cancer,Phase 1,Eli Lilly and Company,2021-02-23,SAP,SAP_001.pdf,downloaded,lilly_trial_docs/I4T-MC-JVDU_23FEB2021/SAP_SAP_001.pdf,2026-06-15T12:17:10.084891
ELVCAP-002-01,NCT05980416,Study of EO-3021 in Adult Patients With Solid Tumors Likely to Express CLDN18.2,Phase 1,Elevation Oncology,2023-08-10,Prot,Prot_000.pdf,downloaded,lilly_trial_docs/ELVCAP-002-01_10AUG2023/Prot_Prot_000.pdf,2026-06-15T12:17:11.557108
ELVCAP-002-01,NCT05980416,Study of EO-3021 in Adult Patients With Solid Tumors Likely to Express CLDN18.2,Phase 1,Elevation Oncology,2023-08-10,SAP,SAP_001.pdf,downloaded,lilly_trial_docs/ELVCAP-002-01_10AUG2023/SAP_SAP_001.pdf,2026-06-15T12:17:12.581188
W8M-MC-GN02,NCT07030868,A Study of LY3549492 in Adults With Obesity or Overweight With Type 2 Diabetes,Phase 2,Eli Lilly and Company,2025-06-19,N/A,N/A,no_documents,,2026-06-15T12:17:12.581697
J1I-MC-GZQD,NCT07035093,A Study of Retatrutide (LY3437943) in Participants Who Have Obesity or Overweight and Chronic Low Back Pain,Phase 3,Eli Lilly and Company,2025-05-29,N/A,N/A,no_documents,,2026-06-15T12:17:12.581846
J4G-OX-JZVB,NCT06644378,A Study of [14C]-LY3866288 in Healthy Participants,Phase 1,Eli Lilly and Company,2024-10-28,N/A,N/A,no_documents,,2026-06-15T12:17:12.582010
J3R-MC-YDAE,NCT06916065,A Study of Eloralintide (LY3841136) and Eloralintide With Tirzepatide in Participants With Overweight or Obesity,Phase 1,Eli Lilly and Company,2025-04-09,N/A,N/A,no_documents,,2026-06-15T12:17:12.582100
H0P-MC-OA05,NCT05620563,A Chronic Pain Master Protocol (CPMP): A Study of LY3857210 In Participants With Osteoarthritis Pain,Phase 2,Eli Lilly and Company,2022-11-22,Prot,Prot_000.pdf,downloaded,lilly_trial_docs/H0P-MC-OA05_22NOV2022/Prot_Prot_000.pdf,2026-06-15T12:17:14.046706
H0P-MC-OA05,NCT05620563,A Chronic Pain Master Protocol (CPMP): A Study of LY3857210 In Participants With Osteoarthritis Pain,Phase 2,Eli Lilly and Company,2022-11-22,SAP,SAP_001.pdf,downloaded,lilly_trial_docs/H0P-MC-OA05_22NOV2022/SAP_SAP_001.pdf,2026-06-15T12:17:15.403024
J1I-MC-GZQF,NCT06982846,A Study to Investigate the Response of Participants With Type 2 Diabetes Mellitus on Once-Weekly Retatrutide to Hypoglycemia,Phase 1,Eli Lilly and Company,2025-06-06,N/A,N/A,no_documents,,2026-06-15T12:17:15.403249
J2N-MC-JZ03,NCT07218341,A Study of Pirtobrutinib (LY3527727) in Participants With Chronic Lymphocytic Leukemia/Small Lymphocytic Lymphoma,Phase 4,Eli Lilly and Company,2026-03-09,N/A,N/A,no_documents,,2026-06-15T12:17:15.403357
I1F-MC-RHDD,NCT06857942,A Study to Investigate the Effectiveness of Tirzepatide (LY3298176) Following Initiation of Ixekizumab (LY2439821) in Participants With Moderate-to-Severe Plaque PsO and Obesity or Overweight in Clinical Practice (TOGETHER AMPLIFY-PsO),Phase 4,Eli Lilly and Company,2025-03-19,N/A,N/A,no_documents,,2026-06-15T12:17:15.403450
J4N-MC-YFAA,NCT06007651,A Study of LY3885125 in Participants With Dyslipidemia or Non-Alcoholic Fatty Liver Disease (NAFLD),Phase 1,Eli Lilly and Company,2023-08-10,Prot,Prot_000.pdf,downloaded,lilly_trial_docs/J4N-MC-YFAA_10AUG2023/Prot_Prot_000.pdf,2026-06-15T12:17:16.581759
J4N-MC-YFAA,NCT06007651,A Study of LY3885125 in Participants With Dyslipidemia or Non-Alcoholic Fatty Liver Disease (NAFLD),Phase 1,Eli Lilly and Company,2023-08-10,SAP,SAP_001.pdf,downloaded,lilly_trial_docs/J4N-MC-YFAA_10AUG2023/SAP_SAP_001.pdf,2026-06-15T12:17:17.682527
J6D-MC-JSDA,NCT07046923,A Study of LY4175408 in Participants With Advanced Cancer,Phase 1,Eli Lilly and Company,2025-07-28,N/A,N/A,no_documents,,2026-06-15T12:17:17.683224
J1I-MC-GZQA,NCT06297603,"Effect of Retatrutide Compared With Placebo in Participants With Type 2 Diabetes and Moderate or Severe Renal Impairment, With Inadequate Glycemic Control on Basal Insulin, With or Without Metformin and/or SGLT2 Inhibitor (TRANSCEND-T2D-3)",Phase 3,Eli Lilly and Company,2024-03-15,N/A,N/A,no_documents,,2026-06-15T12:17:17.683606
22-MERU-117,NCT05588622,Meru Health Program for Cancer Patients With Depression and Anxiety,N/A,"Meru Health, Inc.",2022-09-06,N/A,N/A,no_documents,,2026-06-15T12:17:17.683895
I3Y-MC-B009,NCT05267327,A Prospective Post-Marketing Observational Safety Study of Verzenios® (Abemaciclib) Among Breast Cancer Patients in China Verzenios® (Abemaciclib) Among Breast,N/A (Observational),Sun Yat-Sen Memorial Hospital of Sun Yat-Sen University,2022-03,N/A,N/A,no_documents,,2026-06-15T12:17:17.684131
23-695,NCT06366347,ALPINE: Maintenance Letrozole/Abemaciclib,Phase 2,Dana-Farber Cancer Institute,2024-09-25,N/A,N/A,no_documents,,2026-06-15T12:17:17.684346
I1F-MC-RHDC,NCT06588283,Ixekizumab Concomitantly Administered With Tirzepatide in Adults With Moderate-to-Severe Plaque Psoriasis and Obesity or Overweight,Phase 3,Eli Lilly and Company,2024-09-30,N/A,N/A,no_documents,,2026-06-15T12:17:17.684571
I8H-MC-BDCV,NCT05462756,A Study of Insulin Efsitora Alfa (LY3209590) as a Weekly Basal Insulin Compared to Insulin Glargine in Adult Participants With Type 2 Diabetes on Multiple Daily Injections,Phase 3,Eli Lilly and Company,2022-08-11,Prot,Prot_000.pdf,downloaded,lilly_trial_docs/I8H-MC-BDCV_11AUG2022/Prot_Prot_000.pdf,2026-06-15T12:17:18.853764
I8H-MC-BDCV,NCT05462756,A Study of Insulin Efsitora Alfa (LY3209590) as a Weekly Basal Insulin Compared to Insulin Glargine in Adult Participants With Type 2 Diabetes on Multiple Daily Injections,Phase 3,Eli Lilly and Company,2022-08-11,SAP,SAP_001.pdf,downloaded,lilly_trial_docs/I8H-MC-BDCV_11AUG2022/SAP_SAP_001.pdf,2026-06-15T12:17:21.021074
H9X-MC-GBGS,NCT06739122,A Study of Dulaglutide (LY2189265) 3.0 mg and 4.5 mg in Pediatric Participants With Type 2 Diabetes Mellitus (AWARD-PEDS PLUS),Phase 3,Eli Lilly and Company,2025-01-10,N/A,N/A,no_documents,,2026-06-15T12:17:21.021301
J1I-MC-GZBL,NCT05611957,A Study of LY3437943 in Healthy Participants and Participants With Impaired Renal Function,Phase 1,Eli Lilly and Company,2022-11-16,N/A,N/A,no_documents,,2026-06-15T12:17:21.021400
J2S-MC-GZMP,NCT07219953,A Study of Brenipatide in Participants With Alcohol Use Disorder,Phase 3,Eli Lilly and Company,2025-10-16,N/A,N/A,no_documents,,2026-06-15T12:17:21.021465
J2T-MC-KGBU,NCT06338995,A Study of Lebrikizumab (LY3650150) in Participants With Chronic Rhinosinusitis and Nasal Polyps Treated With Intranasal Corticosteroids (CONTRAST-NP),Phase 3,Eli Lilly and Company,2024-04-29,N/A,N/A,no_documents,,2026-06-15T12:17:21.021545
J3N-OX-JZRA,NCT05024045,Study of Oral LOXO-338 in Patients With Advanced Blood Cancers,Phase 1,Eli Lilly and Company,2021-09-30,N/A,N/A,no_documents,,2026-06-15T12:17:21.021616
D8220R00065,NCT06839872,A Study to Investigate the Sequencing Strategy of Pirtobrutinib After Disease Progression on First-line Acalabrutinib Treatment for Adult Participants With Chronic Lymphocytic Leukemia or Small Lymphocytic Lymphoma,Phase 2,AstraZeneca,2025-06-30,N/A,N/A,no_documents,,2026-06-15T12:17:21.021684
I9S-MC-BTAC,NCT04975295,A Study of LY3361237 in Participants With Psoriasis,Phase 1,Eli Lilly and Company,2021-07-27,N/A,N/A,no_documents,,2026-06-15T12:17:21.021752
J2A-MC-GZPS,NCT07202884,A Study of Orforglipron in Female Participants With Stress Urinary Incontinence Who Have Obesity or Overweight,Phase 3,Eli Lilly and Company,2025-09-30,N/A,N/A,no_documents,,2026-06-15T12:17:21.021807
J2A-MC-GZPR,NCT07223593,Efficacy and Safety of Orforglipron in Participants With Peripheral Artery Disease,Phase 3,Eli Lilly and Company,2025-10-31,N/A,N/A,no_documents,,2026-06-15T12:17:21.021879
H0P-MC-BP03,NCT04874636,Chronic Pain Master Protocol (CPMP): A Study of LY3556050 in Participants With Chronic Low Back Pain,Phase 2,Eli Lilly and Company,2021-05-20,Prot,Prot_000.pdf,downloaded,lilly_trial_docs/H0P-MC-BP03_20MAY2021/Prot_Prot_000.pdf,2026-06-15T12:17:22.515407
H0P-MC-BP03,NCT04874636,Chronic Pain Master Protocol (CPMP): A Study of LY3556050 in Participants With Chronic Low Back Pain,Phase 2,Eli Lilly and Company,2021-05-20,SAP,SAP_001.pdf,downloaded,lilly_trial_docs/H0P-MC-BP03_20MAY2021/SAP_SAP_001.pdf,2026-06-15T12:17:23.650473
1245-0286,NCT05262764,Post Marketing Surveillance (PMS) of JARDIANCE in Chronic Heart Failure (CHF),N/A (Observational),Boehringer Ingelheim,2022-04-15,Prot,Prot_000.pdf,downloaded,lilly_trial_docs/1245-0286_15APR2022/Prot_Prot_000.pdf,2026-06-15T12:17:24.773347
1245-0286,NCT05262764,Post Marketing Surveillance (PMS) of JARDIANCE in Chronic Heart Failure (CHF),N/A (Observational),Boehringer Ingelheim,2022-04-15,SAP,SAP_001.pdf,downloaded,lilly_trial_docs/1245-0286_15APR2022/SAP_SAP_001.pdf,2026-06-15T12:17:25.861586
AK-OTOF-NHS-002,NCT05572073,Otoferlin Gene-mediated Hearing Loss Natural History Study,N/A (Observational),"Akouos, Inc.",2022-07-14,N/A,N/A,no_documents,,2026-06-15T12:17:25.862184
I8F-MC-GPHJ,NCT05822830,A Study of Tirzepatide (LY3298176) in Participants With Obesity or Overweight With Weight Related Comorbidities,Phase 3,Eli Lilly and Company,2023-04-21,Prot,Prot_000.pdf,downloaded,lilly_trial_docs/I8F-MC-GPHJ_21APR2023/Prot_Prot_000.pdf,2026-06-15T12:17:27.152072
I8F-MC-GPHJ,NCT05822830,A Study of Tirzepatide (LY3298176) in Participants With Obesity or Overweight With Weight Related Comorbidities,Phase 3,Eli Lilly and Company,2023-04-21,SAP,SAP_001.pdf,downloaded,lilly_trial_docs/I8F-MC-GPHJ_21APR2023/SAP_SAP_001.pdf,2026-06-15T12:17:28.461228
J2S-MC-GZMK,NCT07410507,A Study of Brenipatide in Adult Participants With Schizophrenia,Phase 2,Eli Lilly and Company,2026-02-10,N/A,N/A,no_documents,,2026-06-15T12:17:28.461455
J2A-MC-GZGU,NCT06045221,A Study of Orforglipron (LY3502970) Compared With Semaglutide in Participants With Type 2 Diabetes Inadequately Controlled With Metformin,Phase 3,Eli Lilly and Company,2023-09-22,N/A,N/A,no_documents,,2026-06-15T12:17:28.461594
I8F-MC-GPIJ,NCT05556512,A Study of Tirzepatide (LY3298176) on the Reduction on Morbidity and Mortality in Adults With Obesity,Phase 3,Eli Lilly and Company,2022-10-11,N/A,N/A,no_documents,,2026-06-15T12:17:28.461713
I6T-MC-AMCA,NCT07612267,A Study to Measure Mirikizumab Levels in Breast Milk of Lactating Participants Receiving Mirikizumab Therapeutically for an Approved Indication,Phase 4,Eli Lilly and Company,2026-06,N/A,N/A,no_documents,,2026-06-15T12:17:28.461801
J5K-MC-OQAA,NCT06657768,A Study of LY4006895 in Healthy Participants With Early Symptomatic Alzheimer's Disease (AD),Phase 1,Eli Lilly and Company,2024-10-29,N/A,N/A,no_documents,,2026-06-15T12:17:28.461895
J2J-OX-JZLC,NCT04975308,"A Study of Imlunestrant, Investigator's Choice of Endocrine Therapy, and Imlunestrant Plus Abemaciclib in Participants With ER+, HER2- Advanced Breast Cancer",Phase 3,Eli Lilly and Company,2021-10-04,Prot,Prot_000.pdf,downloaded,lilly_trial_docs/J2J-OX-JZLC_04OCT2021/Prot_Prot_000.pdf,2026-06-15T12:17:29.864630
J2J-OX-JZLC,NCT04975308,"A Study of Imlunestrant, Investigator's Choice of Endocrine Therapy, and Imlunestrant Plus Abemaciclib in Participants With ER+, HER2- Advanced Breast Cancer",Phase 3,Eli Lilly and Company,2021-10-04,SAP,SAP_001.pdf,downloaded,lilly_trial_docs/J2J-OX-JZLC_04OCT2021/SAP_SAP_001.pdf,2026-06-15T12:17:30.885287
H8H-MC-LAIA,NCT04881747,A Study to Compare Two Different Formulations of Lasmiditan in Healthy Participants,Phase 1,Eli Lilly and Company,2021-05-14,Prot,Prot_000.pdf,downloaded,lilly_trial_docs/H8H-MC-LAIA_14MAY2021/Prot_Prot_000.pdf,2026-06-15T12:17:32.325591
H8H-MC-LAIA,NCT04881747,A Study to Compare Two Different Formulations of Lasmiditan in Healthy Participants,Phase 1,Eli Lilly and Company,2021-05-14,SAP,SAP_001.pdf,downloaded,lilly_trial_docs/H8H-MC-LAIA_14MAY2021/SAP_SAP_001.pdf,2026-06-15T12:17:33.753194
H9X-MC-GBGT,NCT07313813,A Study to Evaluate the Effect of Fasting Duration and Dulaglutide (LY2189265) Withholding on Gastric Retention in Participants With Type 2 Diabetes Mellitus,Phase 1,Eli Lilly and Company,2025-12-29,N/A,N/A,no_documents,,2026-06-15T12:17:33.753582
I8F-MC-GPIY,NCT06635057,A Study of Tirzepatide (LY3298176) in Participants With Type 2 Diabetes During Ramadan,Phase 4,Eli Lilly and Company,2024-10-11,N/A,N/A,no_documents,,2026-06-15T12:17:33.753778
I6T-MC-AMAY,NCT05509777,A Study of Mirikizumab (LY3074828) in Pediatric Participants With Crohn's Disease,Phase 3,Eli Lilly and Company,2024-03-13,N/A,N/A,no_documents,,2026-06-15T12:17:33.753912
H0P-MC-OA07,NCT07641517,A Chronic Pain Master Protocol (CPMP): A Study of LY4065967 in Participants With Osteoarthritis Pain,Phase 2,Eli Lilly and Company,2026-07,N/A,N/A,no_documents,,2026-06-15T12:17:33.754102
202401193MIPB,NCT06797310,Evaluating the Effectiveness and Tolerance of Baricitinib in the Treatment of Acute Alopecia Areata With Active Hair Shedding: A Prospective Open-Label Study,Phase 2,National Taiwan University Hospital,2025-01-23,N/A,N/A,no_documents,,2026-06-15T12:17:33.754274
J2V-MC-GZLF,NCT07215559,"A Study of Macupatide (LY3532226) and Eloralintide (LY3841136), Alone or in Combination, in Adults With Obesity or Overweight and With Type 2 Diabetes",Phase 2,Eli Lilly and Company,2025-10-16,N/A,N/A,no_documents,,2026-06-15T12:17:33.754406
J6Z-MC-IIBD,NCT07483073,A Master Protocol (IIBD): A Study of Multiple Drugs in Adults With Ulcerative Colitis or Crohn's Disease,Phase 2,Eli Lilly and Company,2026-05-04,N/A,N/A,no_documents,,2026-06-15T12:17:33.754625
J1A-MC-KDAD,NCT04634253,A Study of LY3462817 in Participants With Rheumatoid Arthritis,Phase 2,Eli Lilly and Company,2021-01-04,Prot,Prot_000.pdf,downloaded,lilly_trial_docs/J1A-MC-KDAD_04JAN2021/Prot_Prot_000.pdf,2026-06-15T12:17:35.214690
J1A-MC-KDAD,NCT04634253,A Study of LY3462817 in Participants With Rheumatoid Arthritis,Phase 2,Eli Lilly and Company,2021-01-04,SAP,SAP_001.pdf,downloaded,lilly_trial_docs/J1A-MC-KDAD_04JAN2021/SAP_SAP_001.pdf,2026-06-15T12:17:36.796778
I5T-MC-AACN,NCT05108922,A Study of Donanemab (LY3002813) Compared With Aducanumab in Participants With Early Symptomatic Alzheimer's Disease (TRAILBLAZER-ALZ 4),Phase 3,Eli Lilly and Company,2021-11-16,Prot,Prot_000.pdf,downloaded,lilly_trial_docs/I5T-MC-AACN_16NOV2021/Prot_Prot_000.pdf,2026-06-15T12:17:38.150201
I5T-MC-AACN,NCT05108922,A Study of Donanemab (LY3002813) Compared With Aducanumab in Participants With Early Symptomatic Alzheimer's Disease (TRAILBLAZER-ALZ 4),Phase 3,Eli Lilly and Company,2021-11-16,SAP,SAP_001.pdf,downloaded,lilly_trial_docs/I5T-MC-AACN_16NOV2021/SAP_SAP_001.pdf,2026-06-15T12:17:39.707202
I7P-MC-DSAF,NCT06046729,A Study of Eltrekibart (LY3041658) in Adult Participants With Moderate to Severe Hidradenitis Suppurativa,Phase 2,Eli Lilly and Company,2023-10-23,N/A,N/A,no_documents,,2026-06-15T12:17:39.707778
J2N-OX-JZNM,NCT04662255,Study of BTK Inhibitor LOXO-305 Versus Approved BTK Inhibitor Drugs in Patients With Mantle Cell Lymphoma (MCL),Phase 3,"Loxo Oncology, Inc.",2021-04-08,N/A,N/A,no_documents,,2026-06-15T12:17:39.709436
24-126,NCT06835972,A Study of Abemaciclib and Cabozantinib in People With Clear Cell Renal Cell Carcinoma (ccRCC),Phase 1/Phase 2,Memorial Sloan Kettering Cancer Center,2025-02-14,N/A,N/A,no_documents,,2026-06-15T12:17:39.709660
REX201233,NCT07059130,Evaluating the Efficacy and Safety of Mirikizumab in Adults Over 60 With Moderate to Severe Crohn's Disease and Ulcerative Colitis,Phase 4,Rubix LS,2025-07-16,N/A,N/A,no_documents,,2026-06-15T12:17:39.709763
I8H-MC-BDDG,NCT06169982,A Multiple Dose Study of LY3209590 in Participants With Type 2 Diabetes,Phase 1,Eli Lilly and Company,2023-12-07,N/A,N/A,no_documents,,2026-06-15T12:17:39.709842
J6M-OX-JSGA,NCT05768139,First-in-Human Study of Tersolisib (STX-478) as Monotherapy and in Combination With Other Antineoplastic Agents in Participants With Advanced Solid Tumors,Phase 1/Phase 2,Eli Lilly and Company,2023-04-17,N/A,N/A,no_documents,,2026-06-15T12:17:39.709904
J1I-MC-GZBI,NCT05445232,A Drug-Drug Interaction (DDI) Study of LY3437943 in Obese Participants,Phase 1,Eli Lilly and Company,2022-07-08,N/A,N/A,no_documents,,2026-06-15T12:17:39.710001
J6Z-MC-CD01,NCT07483099,A Study of LY4395089 and Mirikizumab (LY3074828) Given Together and Mirikizumab (Alone) in Adults With Crohn's Disease,Phase 2,Eli Lilly and Company,2026-05-04,N/A,N/A,no_documents,,2026-06-15T12:17:39.710077
NCI-2026-03211,NCT07612293,STAGE-MTC Trial Thyroid Lobectomy With Ipsilateral Central Neck Dissection,N/A,Jonsson Comprehensive Cancer Center,2026-09-02,N/A,N/A,no_documents,,2026-06-15T12:17:39.710174
J3Z-MC-OJAE,NCT05487599,A Clinical Trial of PR001 (LY3884961) in Patients With Peripheral Manifestations of Gaucher Disease (PROCEED),Phase 1/Phase 2,Prevail Therapeutics,2022-12-20,N/A,N/A,no_documents,,2026-06-15T12:17:39.710243
I8H-MC-BDCI,NCT04957914,A Study of LY3209590 on Low Blood Sugar in Participants With Type 2 Diabetes Mellitus,Phase 1,Eli Lilly and Company,2021-07-14,N/A,N/A,no_documents,,2026-06-15T12:17:39.710331
I8H-MC-BDDC,NCT05596747,A Study of LY3209590 in Chinese Participants With Type 2 Diabetes Mellitus,Phase 1,Eli Lilly and Company,2022-11-30,N/A,N/A,no_documents,,2026-06-15T12:17:39.710383
J6M-MC-JSGG,NCT07339735,A Study of LY4064809 in Healthy Adult Participants,Phase 1,Eli Lilly and Company,2026-01-12,N/A,N/A,no_documents,,2026-06-15T12:17:39.710456
J1I-MC-GZQL,NCT07357415,A Study of Retatrutide (LY3437943) in Participants Without Type 2 Diabetes Who Have Obesity or Overweight,Phase 3,Eli Lilly and Company,2026-01-24,N/A,N/A,no_documents,,2026-06-15T12:17:39.710517
L0U-MC-OL01,NCT07571174,A Substudy of LY4256984 in Participants With Sporadic Amyotrophic Lateral Sclerosis,Phase 1,Eli Lilly and Company,2026-05,N/A,N/A,no_documents,,2026-06-15T12:17:39.710584
22-422,NCT05617885,Neo-DAB: Darolutamide and Abemaciclib in Prostate Cancer,Phase 1,"Praful Ravi, MB BCHir, MRCP",2023-08-09,N/A,N/A,no_documents,,2026-06-15T12:17:39.710689
TJ-SSc202203,NCT05300932,A Study Evaluating the Efficacy and Safety of Baricitinib in Systemic Sclerosis,Phase 4,Tongji Hospital,2022-03-08,N/A,N/A,no_documents,,2026-06-15T12:17:39.710766
I6T-MC-AMAZ,NCT04844606,A Master Protocol (AMAZ): A Study of Mirikizumab (LY3074828) in Pediatric Participants With Ulcerative Colitis or Crohn's Disease (SHINE-ON),Phase 3,Eli Lilly and Company,2021-05-26,N/A,N/A,no_documents,,2026-06-15T12:17:39.710840
J2N-MC-JZNZ,NCT06721013,A Study of Pirtobrutinib in Participants With Immune Thrombocytopenia,Phase 1/Phase 2,Eli Lilly and Company,2025-07-30,N/A,N/A,no_documents,,2026-06-15T12:17:39.710946
J2A-MC-GZPI,NCT06440980,A Study to Compare Tablets and Capsules of Orforglipron (LY3502970) in Healthy Participants Who Are Obese or Overweight,Phase 1,Eli Lilly and Company,2024-06-24,N/A,N/A,no_documents,,2026-06-15T12:17:39.711030
J2R-MC-YAAC,NCT05444569,A Study of LY3537021 in Healthy Participants,Phase 1,Eli Lilly and Company,2022-08-08,N/A,N/A,no_documents,,2026-06-15T12:17:39.711122
J2A-MC-GZGV,NCT06192108,A Study of Orforglipron (LY3502970) Compared With Dapagliflozin in Adult Participants With Type 2 Diabetes and Inadequate Glycemic Control With Metformin,Phase 3,Eli Lilly and Company,2024-01-10,N/A,N/A,no_documents,,2026-06-15T12:17:39.711199
J1I-MC-GZBY,NCT06354660,Effect of Retatrutide Compared With Placebo in Adult Participants With Type 2 Diabetes and Inadequate Glycemic Control With Diet and Exercise Alone (TRANSCEND-T2D-1),Phase 3,Eli Lilly and Company,2024-04-10,N/A,N/A,no_documents,,2026-06-15T12:17:39.711282
NCI-2020-03813,NCT04481113,Abemaciclib and Niraparib Before Surgery for the Treatment of Hormone Receptor Positive HER2 Negative Breast Cancer,Phase 1,OHSU Knight Cancer Institute,2021-06-07,N/A,N/A,no_documents,,2026-06-15T12:17:39.711385
J4S-MC-KSAA,NCT06395012,A First-In-Human Study of LY3985297 in Healthy Participants,Phase 1,Eli Lilly and Company,2024-06-07,N/A,N/A,no_documents,,2026-06-15T12:17:39.711446
J3R-MC-YDAF,NCT07282600,"A Study of Eloralintide (LY3841136) in Participants With Obesity or Overweight, and Type 2 Diabetes",Phase 3,Eli Lilly and Company,2025-12-15,N/A,N/A,no_documents,,2026-06-15T12:17:39.711510
J2A-MC-GZGQ,NCT05872620,A Study of Orforglipron in Adult Participants With Obesity or Overweight and Type 2 Diabetes,Phase 3,Eli Lilly and Company,2023-06-05,N/A,N/A,no_documents,,2026-06-15T12:17:39.711598
J2T-MC-KGBI,NCT05559359,A Study of Lebrikizumab (LY3650150) in Participants 6 Months to <18 Years of Age With Moderate-to-Severe Atopic Dermatitis,Phase 3,Eli Lilly and Company,2022-10-18,N/A,N/A,no_documents,,2026-06-15T12:17:39.711689
J2J-MC-JZLK,NCT05509816,A Study of Imlunestrant (LY3484356) in Healthy Women,Phase 1,Eli Lilly and Company,2022-09-12,Prot,Prot_000.pdf,downloaded,lilly_trial_docs/J2J-MC-JZLK_12SEP2022/Prot_Prot_000.pdf,2026-06-15T12:17:41.295420
J2J-MC-JZLK,NCT05509816,A Study of Imlunestrant (LY3484356) in Healthy Women,Phase 1,Eli Lilly and Company,2022-09-12,SAP,SAP_001.pdf,downloaded,lilly_trial_docs/J2J-MC-JZLK_12SEP2022/SAP_SAP_001.pdf,2026-06-15T12:17:42.416568
UPCC 27522,NCT05853887,Liquid Biopsy Based NGS in Newly Diagnosed NSCLC,N/A,Charu Aggarwal,2023-06-15,Prot,Prot_001.pdf,downloaded,lilly_trial_docs/UPCC_27522_15JUN2023/Prot_Prot_001.pdf,2026-06-15T12:17:43.889673
UPCC 27522,NCT05853887,Liquid Biopsy Based NGS in Newly Diagnosed NSCLC,N/A,Charu Aggarwal,2023-06-15,Prot_SAP,Prot_SAP_000.pdf,downloaded,lilly_trial_docs/UPCC_27522_15JUN2023/Prot_SAP_Prot_SAP_000.pdf,2026-06-15T12:17:44.952078
UPCC 27522,NCT05853887,Liquid Biopsy Based NGS in Newly Diagnosed NSCLC,N/A,Charu Aggarwal,2023-06-15,SAP,SAP_002.pdf,downloaded,lilly_trial_docs/UPCC_27522_15JUN2023/SAP_SAP_002.pdf,2026-06-15T12:17:45.972732
J3H-MC-GZNJ,NCT07232732,A Study of LY3549492 in Healthy Participants and Participants With Overweight or Obesity,Phase 1,Eli Lilly and Company,2025-10-27,N/A,N/A,no_documents,,2026-06-15T12:17:45.973179
I3Y-MC-JPCY,NCT04408924,Abemaciclib (LY2835219) in Men With Heavily Treated Metastatic Castration-Resistant Prostate Cancer,Phase 2,Eli Lilly and Company,2021-01-20,Prot,Prot_000.pdf,downloaded,lilly_trial_docs/I3Y-MC-JPCY_20JAN2021/Prot_Prot_000.pdf,2026-06-15T12:17:47.623335
I3Y-MC-JPCY,NCT04408924,Abemaciclib (LY2835219) in Men With Heavily Treated Metastatic Castration-Resistant Prostate Cancer,Phase 2,Eli Lilly and Company,2021-01-20,SAP,SAP_001.pdf,downloaded,lilly_trial_docs/I3Y-MC-JPCY_20JAN2021/SAP_SAP_001.pdf,2026-06-15T12:17:49.105256
2024-5148,NCT05974579,Safety and Dosimetry of a New Radiotracer to Detect Misfolded SOD1 Associated With Amyotrophic Lateral Sclerosis,Phase 1,Université de Sherbrooke,2023-11-23,N/A,N/A,no_documents,,2026-06-15T12:17:49.105762
NICHOL INT 124/23,NCT06594679,A Study of Niraparib in Combination With Abemaciclib for Late Line Treatment of Ovarian Cancer (NICHOL TRIAL),Phase 1/Phase 2,"Fondazione IRCCS Istituto Nazionale dei Tumori, Milano",2024-09-26,N/A,N/A,no_documents,,2026-06-15T12:17:49.105916
H9X-IN-GBGR,NCT05659537,A Study of Dulaglutide (LY2189265) in Participants With Type 2 Diabetes Mellitus in India,Phase 4,Eli Lilly and Company,2022-12-29,Prot,Prot_002.pdf,downloaded,lilly_trial_docs/H9X-IN-GBGR_29DEC2022/Prot_Prot_002.pdf,2026-06-15T12:17:50.131290
H9X-IN-GBGR,NCT05659537,A Study of Dulaglutide (LY2189265) in Participants With Type 2 Diabetes Mellitus in India,Phase 4,Eli Lilly and Company,2022-12-29,SAP,SAP_001.pdf,downloaded,lilly_trial_docs/H9X-IN-GBGR_29DEC2022/SAP_SAP_001.pdf,2026-06-15T12:17:51.142403
H0P-MC-NP07,NCT07285018,A Chronic Pain Master Protocol (CPMP): A Study of LY4065967 in Participants With Diabetic Peripheral Neuropathic Pain,Phase 2,Eli Lilly and Company,2026-02-16,N/A,N/A,no_documents,,2026-06-15T12:17:51.142869
J1I-MC-GZQB,NCT06859268,A Study of Retatrutide (LY3437943) in the Maintenance of Weight Reduction in Individuals With Obesity,Phase 3,Eli Lilly and Company,2025-03-05,N/A,N/A,no_documents,,2026-06-15T12:17:51.143069
J5B-MC-FHAG,NCT05896527,A Study to Evaluate the Efficacy and Safety of DC-806 in Participants With Moderate to Severe Plaque Psoriasis,Phase 2,"DICE Therapeutics, Inc., a wholly owned subsidiary of Eli Lilly and Company",2023-05-02,Prot,Prot_000.pdf,downloaded,lilly_trial_docs/J5B-MC-FHAG_02MAY2023/Prot_Prot_000.pdf,2026-06-15T12:17:53.997619
J5B-MC-FHAG,NCT05896527,A Study to Evaluate the Efficacy and Safety of DC-806 in Participants With Moderate to Severe Plaque Psoriasis,Phase 2,"DICE Therapeutics, Inc., a wholly owned subsidiary of Eli Lilly and Company",2023-05-02,SAP,SAP_001.pdf,downloaded,lilly_trial_docs/J5B-MC-FHAG_02MAY2023/SAP_SAP_001.pdf,2026-06-15T12:17:55.379540
J3E-MC-EZDC,NCT06598631,Efficacy and Safety of Volenrelaxin in Adults With Chronic Kidney Disease,Phase 2,Eli Lilly and Company,2024-10-09,N/A,N/A,no_documents,,2026-06-15T12:17:55.380102
DCE806104,NCT06092931,A Drug-Drug Interaction Study Evaluating the Perpetrator Potential of DC-806 on Cocktails of CYP450 Enzyme and Transporter Substrates in Healthy Participants,Phase 1,"DICE Therapeutics, Inc., a wholly owned subsidiary of Eli Lilly and Company",2023-10-16,N/A,N/A,no_documents,,2026-06-15T12:17:55.380245
J5Z-MC-OTAA,NCT07046559,"A Single- and Multiple-Ascending Dose Study to Evaluate the Safety, Tolerability, and Pharmacokinetics of LY4066708 in Healthy Participants",Phase 1,Eli Lilly and Company,2025-05-13,N/A,N/A,no_documents,,2026-06-15T12:17:55.380350
I8F-MC-GPHE,NCT05433584,A Study of Tirzepatide Compared With Intensified Conventional Care in Adult Participants With Type 2 Diabetes,Phase 4,Eli Lilly and Company,2022-08-01,N/A,N/A,no_documents,,2026-06-15T12:17:55.380443
J1I-MC-GZBV,NCT06039826,A Study of LY3437943 in Postmenopausal Female Participants Who Are Overweight or Obese,Phase 1,Eli Lilly and Company,2023-09-12,N/A,N/A,no_documents,,2026-06-15T12:17:55.380557
J5S-MC-CEAA,NCT07090785,A Study of LY4088044 in Healthy Participants,Phase 1,Eli Lilly and Company,2025-07-24,N/A,N/A,no_documents,,2026-06-15T12:17:55.380647
J6E-MC-KWAM,NCT07415044,LY4268989 in Adults With Moderately to Severely Active Ulcerative Colitis,Phase 2,Eli Lilly and Company,2026-03-26,N/A,N/A,no_documents,,2026-06-15T12:17:55.380747
J5C-MC-FOAB,NCT06602219,A Study of LY4100511 (DC-853) in Adult Participants With Moderate-to-Severe Plaque Psoriasis,Phase 2,"DICE Therapeutics, Inc., a wholly owned subsidiary of Eli Lilly and Company",2024-10-25,N/A,N/A,no_documents,,2026-06-15T12:17:55.380934
1745146,NCT05457998,BioFINDER-Brown: Examination of Alzheimer's Disease Biomarkers,N/A (Observational),Butler Hospital,2023-06-14,N/A,N/A,no_documents,,2026-06-15T12:17:55.381054
I9X-MC-MTAF,NCT05749848,A Study of Carbon-14-Labelled [14C] LY3372689 in Healthy Male Participants,Phase 1,Eli Lilly and Company,2023-02-24,N/A,N/A,no_documents,,2026-06-15T12:17:55.381127
I3Y-MC-JPEH,NCT06413706,A Study Comparing Abemaciclib Plus Temozolomide to Temozolomide Monotherapy in Children and Young Adults With High-grade Glioma Following Radiotherapy,Phase 2,Eli Lilly and Company,2024-10-25,N/A,N/A,no_documents,,2026-06-15T12:17:55.381227
J5B-MC-FHAB,NCT06808815,A Study to Assess S011806 (DC-806 or LY4100504) in Healthy Adult Participants and Participants With Chronic Plaque Psoriasis,Phase 1,"DICE Therapeutics, Inc., a wholly owned subsidiary of Eli Lilly and Company",2021-09-22,N/A,N/A,no_documents,,2026-06-15T12:17:55.381325
J2A-JE-GZPM,NCT06692348,A Study of Orforglipron (LY3502970) to Compare a Single Capsule and Multiple Capsules in Healthy Participants,Phase 1,Eli Lilly and Company,2024-12-13,N/A,N/A,no_documents,,2026-06-15T12:17:55.381423
J5A-OX-JZWA,NCT06238479,"A Study of LY4101174 in Participants With Recurrent, Advanced or Metastatic Solid Tumors",Phase 1,Eli Lilly and Company,2024-03-05,N/A,N/A,no_documents,,2026-06-15T12:17:55.381511
J2S-MC-GZMS,NCT07545759,A Study of Brenipatide (LY3537031) in Participants With Irritable Bowel Syndrome-Diarrhea (IBS-D),Phase 2,Eli Lilly and Company,2026-05-06,N/A,N/A,no_documents,,2026-06-15T12:17:55.381645
J5D-MC-FPAB,NCT06690996,A Study of LY4005130 in Healthy Participants,Phase 1,Eli Lilly and Company,2024-11-08,N/A,N/A,no_documents,,2026-06-15T12:17:55.381772
I1F-IN-RHCZ,NCT05855967,A Study of Ixekizumab (LY2439821) in Participants Aged ≥18 Years With Moderate-to-Severe Plaque or Active Psoriatic Arthritis in India,Phase 4,Eli Lilly and Company,2023-06-27,Prot,Prot_000.pdf,downloaded,lilly_trial_docs/I1F-IN-RHCZ_27JUN2023/Prot_Prot_000.pdf,2026-06-15T12:17:56.548329
I1F-IN-RHCZ,NCT05855967,A Study of Ixekizumab (LY2439821) in Participants Aged ≥18 Years With Moderate-to-Severe Plaque or Active Psoriatic Arthritis in India,Phase 4,Eli Lilly and Company,2023-06-27,SAP,SAP_001.pdf,downloaded,lilly_trial_docs/I1F-IN-RHCZ_27JUN2023/SAP_SAP_001.pdf,2026-06-15T12:17:57.696447
J1I-MC-GZQJ,NCT07232719,A Study of Retatrutide (LY3437943) in Participants With Obesity or Overweight,Phase 3,Eli Lilly and Company,2025-11-17,N/A,N/A,no_documents,,2026-06-15T12:17:57.696829
I4L-MC-YCAA,NCT04864977,A Study of A Novel Approach to Titrate Basal Insulin (LY2963016) in Participants With Type 2 Diabetes,Phase 4,Eli Lilly and Company,2021-08-16,N/A,N/A,no_documents,,2026-06-15T12:17:57.696968
I3Y-MC-JPEF,NCT05169567,Abemaciclib (LY2835219) Plus Fulvestrant Compared to Placebo Plus Fulvestrant in Previously Treated Breast Cancer,Phase 3,Eli Lilly and Company,2022-03-11,Prot,Prot_000.pdf,downloaded,lilly_trial_docs/I3Y-MC-JPEF_11MAR2022/Prot_Prot_000.pdf,2026-06-15T12:17:59.154084
I3Y-MC-JPEF,NCT05169567,Abemaciclib (LY2835219) Plus Fulvestrant Compared to Placebo Plus Fulvestrant in Previously Treated Breast Cancer,Phase 3,Eli Lilly and Company,2022-03-11,SAP,SAP_001.pdf,downloaded,lilly_trial_docs/I3Y-MC-JPEF_11MAR2022/SAP_SAP_001.pdf,2026-06-15T12:18:00.764928
J3O-MC-LSBA,NCT05292040,A Study of LY3857210 in Healthy Participants,Phase 1,Eli Lilly and Company,2022-03-17,N/A,N/A,no_documents,,2026-06-15T12:18:00.765516
PSCI-18-052,NCT04003896,A Study to Evaluate Abemaciclib in Advanced Biliary Tract Carcinoma,Phase 2,Milton S. Hershey Medical Center,2021-09-24,Prot_SAP,Prot_SAP_000.pdf,downloaded,lilly_trial_docs/PSCI-18-052_24SEP2021/Prot_SAP_Prot_SAP_000.pdf,2026-06-15T12:18:02.168517
J3S-MC-YEAA,NCT05380323,A Study of LY3541105 in Healthy and Overweight Participants,Phase 1,Eli Lilly and Company,2022-05-10,N/A,N/A,no_documents,,2026-06-15T12:18:02.169246
Pro00116493,NCT06906627,Implementation pRogram to Improve Screening and Management for CKD in Diabetes (Program 1) (IRIS-CKD),N/A,Duke University,2025-10-28,N/A,N/A,no_documents,,2026-06-15T12:18:02.169409
J5V-MC-ORAA,NCT06809400,A Study of LY4006896 in Healthy Participants and Participants With Parkinson's Disease,Phase 1,Eli Lilly and Company,2025-02-18,N/A,N/A,no_documents,,2026-06-15T12:18:02.169491
J2A-MC-GZGW,NCT06109311,"A Study of Orforglipron (LY3502970) in Participants With Type 2 Diabetes and Inadequate Glycemic Control With Insulin Glargine, With or Without Metformin and/or SGLT-2 Inhibitor",Phase 3,Eli Lilly and Company,2023-11-10,N/A,N/A,no_documents,,2026-06-15T12:18:02.169606
I8F-MC-GPJA,NCT06914895,A Study of Tirzepatide (LY3298176) Compared With Placebo in Adults With Type 1 Diabetes and Obesity or Overweight,Phase 3,Eli Lilly and Company,2025-04-25,N/A,N/A,no_documents,,2026-06-15T12:18:02.169732
79204,NCT06868381,A Trial of Baricitinib in Patients With Cardiac Sarcoidosis,Phase 2,Stanford University,2026-04-01,N/A,N/A,no_documents,,2026-06-15T12:18:02.169837
CA209-79X,NCT04151563,A Clinical Study Evaluating Nivolumab-containing Treatments in Patients With Advanced Non-small Cell Lung Cancer After Failing Previous PD-1/(L)1 Therapy and Chemotherapy,Phase 1/Phase 2,Bristol-Myers Squibb,2021-04-15,N/A,N/A,no_documents,,2026-06-15T12:18:02.169907
CIP335,NCT05325294,Evaluation of the Advanced Hybrid Closed Loop (AHCL) System in Type 1 Adults and Pediatrics Utilizing Lyumjev®,N/A,"Medtronic MiniMed, Inc.",2022-05-05,Prot,Prot_000.pdf,downloaded,lilly_trial_docs/CIP335_05MAY2022/Prot_Prot_000.pdf,2026-06-15T12:18:03.653164
CIP335,NCT05325294,Evaluation of the Advanced Hybrid Closed Loop (AHCL) System in Type 1 Adults and Pediatrics Utilizing Lyumjev®,N/A,"Medtronic MiniMed, Inc.",2022-05-05,SAP,SAP_001.pdf,downloaded,lilly_trial_docs/CIP335_05MAY2022/SAP_SAP_001.pdf,2026-06-15T12:18:04.677664
202512332,NCT07572773,CHAMP Lung Cancer Screening Program,N/A,Jill Kolesar,2026-06-01,N/A,N/A,no_documents,,2026-06-15T12:18:04.678037
J3F-MC-EZCB,NCT05256654,A Study of LY3561774 in Participants With Mixed Dyslipidemia,Phase 2,Eli Lilly and Company,2022-07-20,Prot,Prot_000.pdf,downloaded,lilly_trial_docs/J3F-MC-EZCB_20JUL2022/Prot_Prot_000.pdf,2026-06-15T12:18:05.776051
J3F-MC-EZCB,NCT05256654,A Study of LY3561774 in Participants With Mixed Dyslipidemia,Phase 2,Eli Lilly and Company,2022-07-20,SAP,SAP_001.pdf,downloaded,lilly_trial_docs/J3F-MC-EZCB_20JUL2022/SAP_SAP_001.pdf,2026-06-15T12:18:07.013166
I3Y-US-I001,NCT04298983,Abemaciclib in Combination With Androgen Deprivation Therapy for Locally Advanced Prostate Cancer,Phase 2,University of Alabama at Birmingham,2021-02-25,Prot_SAP,Prot_SAP_000.pdf,downloaded,lilly_trial_docs/I3Y-US-I001_25FEB2021/Prot_SAP_Prot_SAP_000.pdf,2026-06-15T12:18:08.400439
J3M-OX-JZQF,NCT06719128,A Study of Olomorasib (LY3537982) in Participants With Hepatic Impairment and Healthy Participants,Phase 1,Eli Lilly and Company,2024-12-06,N/A,N/A,no_documents,,2026-06-15T12:18:08.401062
J3W-MC-GZOA,NCT05395481,A Single-Ascending and Repeated Dose Study of LY3849891 in Participants With Metabolic Dysfunction-Associated Steatotic Liver Disease (MASLD),Phase 1,Eli Lilly and Company,2022-06-08,N/A,N/A,no_documents,,2026-06-15T12:18:08.401205
H8H-MC-LAIO,NCT04749914,A Study of Lasmiditan in Healthy Volunteers,Phase 1,Eli Lilly and Company,2021-02-15,Prot,Prot_000.pdf,downloaded,lilly_trial_docs/H8H-MC-LAIO_15FEB2021/Prot_Prot_000.pdf,2026-06-15T12:18:09.830796
H8H-MC-LAIO,NCT04749914,A Study of Lasmiditan in Healthy Volunteers,Phase 1,Eli Lilly and Company,2021-02-15,SAP,SAP_001.pdf,downloaded,lilly_trial_docs/H8H-MC-LAIO_15FEB2021/SAP_SAP_001.pdf,2026-06-15T12:18:11.298387
J2A-JE-GZPE,NCT06010004,A Long-term Safety Study of Orforglipron (LY3502970) in Participants With Type 2 Diabetes,Phase 3,Eli Lilly and Company,2023-09-28,N/A,N/A,no_documents,,2026-06-15T12:18:11.298647
J2T-MC-KGBW,NCT06280716,A Study of Lebrikizumab (LY3650150) With/Without Topical Corticosteroid Treatment in Participants With Moderate-to-Severe Atopic Dermatitis,Phase 3,Eli Lilly and Company,2024-04-24,N/A,N/A,no_documents,,2026-06-15T12:18:11.298789
J1I-MC-GZBU,NCT05936151,A Study of Retatrutide (LY3437943) on Renal Function in Participants With Overweight or Obesity and Chronic Kidney Disease With or Without Type 2 Diabetes,Phase 2,Eli Lilly and Company,2023-07-20,N/A,N/A,no_documents,,2026-06-15T12:18:11.298901
J2V-MC-GZLC,NCT05887999,A Study of LY3532226 in Participants With Type 1 Diabetes Mellitus,Phase 1,Eli Lilly and Company,2023-06-12,N/A,N/A,no_documents,,2026-06-15T12:18:11.299006
I8F-MC-GPGV,NCT05260021,A Study to Evaluate Tirzepatide (LY3298176) in Pediatric and Adolescent Participants With Type 2 Diabetes Mellitus Inadequately Controlled With Metformin or Basal Insulin or Both,Phase 3,Eli Lilly and Company,2022-04-13,Prot,Prot_000.pdf,downloaded,lilly_trial_docs/I8F-MC-GPGV_13APR2022/Prot_Prot_000.pdf,2026-06-15T12:18:12.823970
I8F-MC-GPGV,NCT05260021,A Study to Evaluate Tirzepatide (LY3298176) in Pediatric and Adolescent Participants With Type 2 Diabetes Mellitus Inadequately Controlled With Metformin or Basal Insulin or Both,Phase 3,Eli Lilly and Company,2022-04-13,SAP,SAP_001.pdf,downloaded,lilly_trial_docs/I8F-MC-GPGV_13APR2022/SAP_SAP_001.pdf,2026-06-15T12:18:13.854814
J5L-MC-YHAA,NCT07152002,A Study of LY4064912 in Healthy Participants and With Overweight or Obesity,Phase 1,Eli Lilly and Company,2025-08-28,N/A,N/A,no_documents,,2026-06-15T12:18:13.855090
J6M-MC-JSGD,NCT07174336,A Study of Tersolisib (LY4064809/STX-478) With Other Anti-Cancer Treatments in Participants With Advanced Breast Cancer With a Genetic Change (PIK3CA),Phase 3,Eli Lilly and Company,2025-12-22,N/A,N/A,no_documents,,2026-06-15T12:18:13.855177
J2T-NS-X002,NCT07620561,Efficacy and Speed of Response of Lebrikizumab in High-Burden Prurigo Nodularis Patients,Phase 2,"University of Maryland, Baltimore",2026-06,N/A,N/A,no_documents,,2026-06-15T12:18:13.855263
IXE-1001,NCT06085079,Ixekizumab for the Management of Refractory Non-Infectious Uveitis: A Proof-of-Concept Study,Phase 4,Massachusetts Eye Research and Surgery Institution,2022-06-01,N/A,N/A,no_documents,,2026-06-15T12:18:13.855350
I5T-MC-AACO,NCT05508789,A Study of Donanemab (LY3002813) in Participants With Early Symptomatic Alzheimer's Disease (TRAILBLAZER-ALZ 5),Phase 3,Eli Lilly and Company,2022-10-10,N/A,N/A,no_documents,,2026-06-15T12:18:13.855432
J1R-MC-GZFC,NCT05582096,A Study of LY3457263 in Obese Participants,Phase 1,Eli Lilly and Company,2022-11-11,N/A,N/A,no_documents,,2026-06-15T12:18:13.855546
I8F-JE-GPHZ,NCT04844918,A Study of Tirzepatide (LY3298176) in Participants With Obesity Disease,Phase 3,Eli Lilly and Company,2021-05-10,Prot,Prot_000.pdf,downloaded,lilly_trial_docs/I8F-JE-GPHZ_10MAY2021/Prot_Prot_000.pdf,2026-06-15T12:18:15.525809
I8F-JE-GPHZ,NCT04844918,A Study of Tirzepatide (LY3298176) in Participants With Obesity Disease,Phase 3,Eli Lilly and Company,2021-05-10,SAP,SAP_001.pdf,downloaded,lilly_trial_docs/I8F-JE-GPHZ_10MAY2021/SAP_SAP_001.pdf,2026-06-15T12:18:16.570501
J2L-MC-EZBB,NCT04840914,A Study of LY3461767 in Participants With Chronic Heart Failure With Reduced Ejection Fraction,Phase 1,Eli Lilly and Company,2021-06-01,N/A,N/A,no_documents,,2026-06-15T12:18:16.571228
I8F-MC-GPHP,NCT06075667,A Study of Tirzepatide (LY3298176) Once Weekly in Adolescent Participants Who Have Obesity or Overweight With Weight-Related Comorbidities,Phase 3,Eli Lilly and Company,2023-10-16,N/A,N/A,no_documents,,2026-06-15T12:18:16.571336
202308161,NCT05980000,Ramucirumab and Pembrolizumab vs Pembrolizumab Monotherapy in PD-L1 Positive Head and Neck Squamous-Cell Carcinoma,Phase 2,Washington University School of Medicine,2023-10-27,N/A,N/A,no_documents,,2026-06-15T12:18:16.571417
J1S-MC-JP04,NCT05440786,CAMPFIRE: A Study of Abemaciclib (LY2835219) in Participants With Ewing's Sarcoma,Phase 2,Eli Lilly and Company,2022-09-20,Prot,Prot_000.pdf,downloaded,lilly_trial_docs/J1S-MC-JP04_20SEP2022/Prot_Prot_000.pdf,2026-06-15T12:18:18.096965
J1S-MC-JP04,NCT05440786,CAMPFIRE: A Study of Abemaciclib (LY2835219) in Participants With Ewing's Sarcoma,Phase 2,Eli Lilly and Company,2022-09-20,SAP,SAP_001.pdf,downloaded,lilly_trial_docs/J1S-MC-JP04_20SEP2022/SAP_SAP_001.pdf,2026-06-15T12:18:19.112570
J2O-MC-EKBD,NCT06342596,A Study of Carbon-14-Labelled [14C] LY3473329 in Healthy Male Participants,Phase 1,Eli Lilly and Company,2024-03-05,N/A,N/A,no_documents,,2026-06-15T12:18:19.113028
J3L-MC-EZEF,NCT06292013,A Study to Investigate the Effect of Lepodisiran on the Reduction of Major Adverse Cardiovascular Events in Adults With Elevated Lipoprotein(a) - ACCLAIM-Lp(a),Phase 3,Eli Lilly and Company,2024-03-05,N/A,N/A,no_documents,,2026-06-15T12:18:19.113152
J2A-MC-GZPN,NCT06584916,A Study of Orforglipron for the Maintenance of Body Weight Reduction in Participants Who Have Obesity or Overweight With Weight-Related Comorbidities (ATTAIN-MAINTAIN),Phase 3,Eli Lilly and Company,2024-09-13,N/A,N/A,no_documents,,2026-06-15T12:18:19.113235
J2P-MC-LXBE,NCT05615467,A Study of Effect of LY3556050 on Metformin in Healthy Participants,Phase 1,Eli Lilly and Company,2022-11-15,N/A,N/A,no_documents,,2026-06-15T12:18:19.113319
J4C-OX-JZUD,NCT05894928,A Study to Evaluate the Effect of Cholestyramine on LOXO-783 in Healthy Participants,Phase 1,Eli Lilly and Company,2023-06-07,N/A,N/A,no_documents,,2026-06-15T12:18:19.113389
H0P-MC-NP03,NCT04707157,Chronic Pain Master Protocol (CPMP): A Study of LY3556050 in Participants With Diabetic Peripheral Neuropathic Pain,Phase 2,Eli Lilly and Company,2021-05-06,Prot,Prot_000.pdf,downloaded,lilly_trial_docs/H0P-MC-NP03_06MAY2021/Prot_Prot_000.pdf,2026-06-15T12:18:21.495813
H0P-MC-NP03,NCT04707157,Chronic Pain Master Protocol (CPMP): A Study of LY3556050 in Participants With Diabetic Peripheral Neuropathic Pain,Phase 2,Eli Lilly and Company,2021-05-06,SAP,SAP_001.pdf,downloaded,lilly_trial_docs/H0P-MC-NP03_06MAY2021/SAP_SAP_001.pdf,2026-06-15T12:18:22.514363
J2N-MC-JZ02,NCT07162181,Long-Term Safety of Pirtobrutinib in Participants With Previously Treated Types of Blood Cancers,Phase 2,Eli Lilly and Company,2025-08-07,N/A,N/A,no_documents,,2026-06-15T12:18:22.514897
J5N-OX-JJEA,NCT06229366,[Ac-225]-PSMA-62 Trial in Oligometastatic Hormone Sensitive and Metastatic Castration Resistant Prostate Cancer,Phase 1,Eli Lilly and Company,2024-04-03,N/A,N/A,no_documents,,2026-06-15T12:18:22.515158
I3Y-MC-JPEG,NCT05288166,A Study of Abemaciclib (LY2835219) With Abiraterone in Men With Prostate Cancer That Has Spread to Other Parts of the Body and is Expected to Respond to Hormonal Treatment (Metastatic Hormone-Sensitive Prostate Cancer),Phase 3,Eli Lilly and Company,2022-04-14,Prot,Prot_000.pdf,downloaded,lilly_trial_docs/I3Y-MC-JPEG_14APR2022/Prot_Prot_000.pdf,2026-06-15T12:18:24.987653
I3Y-MC-JPEG,NCT05288166,A Study of Abemaciclib (LY2835219) With Abiraterone in Men With Prostate Cancer That Has Spread to Other Parts of the Body and is Expected to Respond to Hormonal Treatment (Metastatic Hormone-Sensitive Prostate Cancer),Phase 3,Eli Lilly and Company,2022-04-14,SAP,SAP_001.pdf,downloaded,lilly_trial_docs/I3Y-MC-JPEG_14APR2022/SAP_SAP_001.pdf,2026-06-15T12:18:26.858795
I6T-MC-AMBY,NCT05644353,A Bioequivalence Study of Mirikizumab (LY3074828) Solution in Healthy Participants,Phase 1,Eli Lilly and Company,2022-12-05,Prot,Prot_000.pdf,downloaded,lilly_trial_docs/I6T-MC-AMBY_05DEC2022/Prot_Prot_000.pdf,2026-06-15T12:18:28.024053
I6T-MC-AMBY,NCT05644353,A Bioequivalence Study of Mirikizumab (LY3074828) Solution in Healthy Participants,Phase 1,Eli Lilly and Company,2022-12-05,SAP,SAP_001.pdf,downloaded,lilly_trial_docs/I6T-MC-AMBY_05DEC2022/SAP_SAP_001.pdf,2026-06-15T12:18:28.997532
J4Z-MC-GIDI,NCT06901349,"A Study of Bimagrumab (LY3985863) and Tirzepatide (LY3298176), Alone or in Combination, in Participants With Obesity or Overweight With Type 2 Diabetes",Phase 2,Eli Lilly and Company,2025-05-23,N/A,N/A,no_documents,,2026-06-15T12:18:28.997993
00855196,NCT07640139,Estimating the Impact of Obesity Medications on Clinical and Economic Outcomes,N/A (Observational),Indiana University,2026-01-01,N/A,N/A,no_documents,,2026-06-15T12:18:28.998137
W8M-MC-LAA2,NCT06603571,"A Study to Investigate Weight Management With LY3841136 and Tirzepatide (LY3298176), Alone or in Combination, in Adult Participants With Obesity or Overweight With Type 2 Diabetes",Phase 2,Eli Lilly and Company,2024-09-20,N/A,N/A,no_documents,,2026-06-15T12:18:28.998226
MCC-20899,NCT04923542,Stereotactic Radiation & Abemaciclib in the Management of HR+/HER2- Breast Cancer Brain Metastases,Phase 1/Phase 2,H. Lee Moffitt Cancer Center and Research Institute,2021-11-30,N/A,N/A,no_documents,,2026-06-15T12:18:28.998323
22-490,NCT05608252,VS-6766+Abema+Fulv in Met HR+/HER- BC,Phase 1/Phase 2,Adrienne G. Waks,2023-02-23,N/A,N/A,no_documents,,2026-06-15T12:18:28.998437
J3L-MC-EZEH,NCT06916078,"A Study of Lepodisiran (LY3819469) in Participants With Normal, Mild, Moderate, or Severe Liver Function",Phase 1,Eli Lilly and Company,2025-04-23,N/A,N/A,no_documents,,2026-06-15T12:18:28.998520
J5Q-OX-JRDA,NCT06607185,A Study of the Pan-KRAS Inhibitor LY4066434 in Participants With KRAS Mutant Solid Tumors,Phase 1,Eli Lilly and Company,2024-10-21,N/A,N/A,no_documents,,2026-06-15T12:18:28.998617
J2N-OX-JZNT,NCT06194214,A Drug Drug Interaction (DDI) Study of Pirtobrutinib (LOXO-305) and Digoxin (P-Glycoprotein Substrate) in Healthy Participants,Phase 1,Eli Lilly and Company,2021-03-11,Prot,Prot_000.pdf,downloaded,lilly_trial_docs/J2N-OX-JZNT_11MAR2021/Prot_Prot_000.pdf,2026-06-15T12:18:30.496788
J2N-OX-JZNT,NCT06194214,A Drug Drug Interaction (DDI) Study of Pirtobrutinib (LOXO-305) and Digoxin (P-Glycoprotein Substrate) in Healthy Participants,Phase 1,Eli Lilly and Company,2021-03-11,SAP,SAP_001.pdf,downloaded,lilly_trial_docs/J2N-OX-JZNT_11MAR2021/SAP_SAP_001.pdf,2026-06-15T12:18:31.690194
J4E-MC-FR01,NCT05911841,A Study of LY3454738 in the Treatment of Adult Participants With Moderate-to-Severe Atopic Dermatitis,Phase 2,Eli Lilly and Company,2023-06-21,Prot,Prot_000.pdf,downloaded,lilly_trial_docs/J4E-MC-FR01_21JUN2023/Prot_Prot_000.pdf,2026-06-15T12:18:33.240093
J4E-MC-FR01,NCT05911841,A Study of LY3454738 in the Treatment of Adult Participants With Moderate-to-Severe Atopic Dermatitis,Phase 2,Eli Lilly and Company,2023-06-21,Prot,Prot_001.pdf,downloaded,lilly_trial_docs/J4E-MC-FR01_21JUN2023/Prot_Prot_001.pdf,2026-06-15T12:18:34.594201
J4E-MC-FR01,NCT05911841,A Study of LY3454738 in the Treatment of Adult Participants With Moderate-to-Severe Atopic Dermatitis,Phase 2,Eli Lilly and Company,2023-06-21,SAP,SAP_002.pdf,downloaded,lilly_trial_docs/J4E-MC-FR01_21JUN2023/SAP_SAP_002.pdf,2026-06-15T12:18:35.700057
J4E-MC-FR01,NCT05911841,A Study of LY3454738 in the Treatment of Adult Participants With Moderate-to-Severe Atopic Dermatitis,Phase 2,Eli Lilly and Company,2023-06-21,SAP,SAP_003.pdf,downloaded,lilly_trial_docs/J4E-MC-FR01_21JUN2023/SAP_SAP_003.pdf,2026-06-15T12:18:36.898976
J2G-MC-JZPA,NCT05324124,A Study of the Effect of Food on Selpercatinib (LY3527723) in Healthy Participants,Phase 1,"Loxo Oncology, Inc.",2022-04-19,Prot,Prot_000.pdf,downloaded,lilly_trial_docs/J2G-MC-JZPA_19APR2022/Prot_Prot_000.pdf,2026-06-15T12:18:38.391187
J2G-MC-JZPA,NCT05324124,A Study of the Effect of Food on Selpercatinib (LY3527723) in Healthy Participants,Phase 1,"Loxo Oncology, Inc.",2022-04-19,SAP,SAP_001.pdf,downloaded,lilly_trial_docs/J2G-MC-JZPA_19APR2022/SAP_SAP_001.pdf,2026-06-15T12:18:39.914273
J3R-MC-YDAL,NCT07392190,A Study of Eloralintide (LY3841136) in Participants With Persistent Obesity Who Are Treated With a Weekly Incretin,Phase 3,Eli Lilly and Company,2026-02-10,N/A,N/A,no_documents,,2026-06-15T12:18:39.914642
J3T-OX-JZTA,NCT05241834,A Study of LOXO-260 in Cancer Patients With a Change in a Particular Gene (RET) That Has Not Responded to Treatment,Phase 1,Eli Lilly and Company,2022-03-23,N/A,N/A,no_documents,,2026-06-15T12:18:39.914837
J2A-MC-GZGS,NCT05803421,A Study of Daily Oral Orforglipron (LY3502970) Compared With Insulin Glargine in Participants With Type 2 Diabetes and Obesity or Overweight at Increased Cardiovascular Risk,Phase 3,Eli Lilly and Company,2023-04-03,N/A,N/A,no_documents,,2026-06-15T12:18:39.914945
J1G-GH-LAKE,NCT07346495,A Study of Remternetug (LY3372993) in Healthy Chinese Participants,Phase 1,Eli Lilly and Company,2026-01-31,N/A,N/A,no_documents,,2026-06-15T12:18:39.915078
J3L-MC-EZED,NCT05841277,A Study of LY3819469 in Participants With Impaired and Normal Renal Function,Phase 1,Eli Lilly and Company,2023-04-25,N/A,N/A,no_documents,,2026-06-15T12:18:39.915165
J1I-MC-GZBM,NCT05882045,A Study of Retatrutide (LY3437943) in Participants With Obesity and Cardiovascular Disease,Phase 3,Eli Lilly and Company,2023-05-30,N/A,N/A,no_documents,,2026-06-15T12:18:39.915225
I6T-MC-AMCG,NCT07446101,A Study of Mirikizumab Solution (LY3074828) in Healthy Participants,Phase 1,Eli Lilly and Company,2026-03-24,N/A,N/A,no_documents,,2026-06-15T12:18:39.915306
J2T-MC-KGBP,NCT05372419,A Study of (LY3650150) Lebrikizumab to Assess the Safety and Efficacy of Adult and Adolescent Participants With Moderate-to-Severe Atopic Dermatitis and Skin of Color,Phase 3,Eli Lilly and Company,2023-01-12,Prot,Prot_000.pdf,downloaded,lilly_trial_docs/J2T-MC-KGBP_12JAN2023/Prot_Prot_000.pdf,2026-06-15T12:18:41.292010
J2T-MC-KGBP,NCT05372419,A Study of (LY3650150) Lebrikizumab to Assess the Safety and Efficacy of Adult and Adolescent Participants With Moderate-to-Severe Atopic Dermatitis and Skin of Color,Phase 3,Eli Lilly and Company,2023-01-12,SAP,SAP_001.pdf,downloaded,lilly_trial_docs/J2T-MC-KGBP_12JAN2023/SAP_SAP_001.pdf,2026-06-15T12:18:42.434158
J3P-MC-FTAD,NCT05602675,A Drug Interaction Study of LY3871801 in Healthy Participants,Phase 1,Eli Lilly and Company,2022-11-02,N/A,N/A,no_documents,,2026-06-15T12:18:42.434434
J1I-MC-GZBZ,NCT06260722,Effect of Retatrutide Compared With Semaglutide in Adult Participants With Type 2 Diabetes and Inadequate Glycemic Control With Metformin With or Without SGLT2 Inhibitor (TRANSCEND-T2D-2),Phase 3,Eli Lilly and Company,2024-02-21,N/A,N/A,no_documents,,2026-06-15T12:18:42.434567
J2S-MC-GZMJ,NCT07286175,A Study of Brenipatide in Adult Participants With Bipolar Disorder (RENEW-Bipolar-1),Phase 2,Eli Lilly and Company,2025-11-24,N/A,N/A,no_documents,,2026-06-15T12:18:42.434694
I8P-MC-OXAG,NCT05623839,A Study of LY3305677 in Participants With Obesity Or Overweight,Phase 1,Eli Lilly and Company,2022-11-16,N/A,N/A,no_documents,,2026-06-15T12:18:42.434796
I8H-MC-BDCU,NCT05275400,A Study of Insulin Efsitora Alfa (LY3209590) Compared With Insulin Degludec in Participants With Type 2 Diabetes Currently Treated With Basal Insulin,Phase 3,Eli Lilly and Company,2022-03-08,Prot,Prot_000.pdf,downloaded,lilly_trial_docs/I8H-MC-BDCU_08MAR2022/Prot_Prot_000.pdf,2026-06-15T12:18:43.880486
I8H-MC-BDCU,NCT05275400,A Study of Insulin Efsitora Alfa (LY3209590) Compared With Insulin Degludec in Participants With Type 2 Diabetes Currently Treated With Basal Insulin,Phase 3,Eli Lilly and Company,2022-03-08,SAP,SAP_001.pdf,downloaded,lilly_trial_docs/I8H-MC-BDCU_08MAR2022/SAP_SAP_001.pdf,2026-06-15T12:18:45.009049
J5J-OX-JZZA,NCT06586515,"MOONRAY-01, A Study of LY3962673 in Participants With KRAS G12D-Mutant Solid Tumors",Phase 1,Eli Lilly and Company,2024-09-12,N/A,N/A,no_documents,,2026-06-15T12:18:45.009678
MINERVA,NCT05362760,Combination of Abemaciclib and Endocrine Therapy in Hormone Receptor Positive HER2 Negative Locally Advanced or Metastatic Breast Cancer With Focus on Digital Side Effect Management,Phase 4,Prof. Wolfgang Janni,2022-04-27,N/A,N/A,no_documents,,2026-06-15T12:18:45.009912
I1F-MC-RHCG,NCT04527380,A Study of Ixekizumab (LY2439821) in Children With Juvenile Idiopathic Arthritis Categories of Enthesitis-related Arthritis (Including Juvenile Onset Ankylosing Spondylitis) and Juvenile Psoriatic Arthritis,Phase 3,Eli Lilly and Company,2021-04-13,Prot,Prot_000.pdf,downloaded,lilly_trial_docs/I1F-MC-RHCG_13APR2021/Prot_Prot_000.pdf,2026-06-15T12:18:46.439723
I1F-MC-RHCG,NCT04527380,A Study of Ixekizumab (LY2439821) in Children With Juvenile Idiopathic Arthritis Categories of Enthesitis-related Arthritis (Including Juvenile Onset Ankylosing Spondylitis) and Juvenile Psoriatic Arthritis,Phase 3,Eli Lilly and Company,2021-04-13,SAP,SAP_001.pdf,downloaded,lilly_trial_docs/I1F-MC-RHCG_13APR2021/SAP_SAP_001.pdf,2026-06-15T12:18:48.646534
J1I-MC-GZQG,NCT06982859,A Study to Evaluate the Effect of Retatrutide on Insulin Secretion and Insulin Sensitivity in Adult Participants With Type 2 Diabetes Mellitus,Phase 1,Eli Lilly and Company,2025-06-02,N/A,N/A,no_documents,,2026-06-15T12:18:48.646923
J3R-MC-YDAG,NCT07321886,"A Study of Eloralintide (LY3841136) in Participants With Obesity, or Overweight Without Type 2 Diabetes",Phase 3,Eli Lilly and Company,2026-02-06,N/A,N/A,no_documents,,2026-06-15T12:18:48.647046
24-2191,NCT06696014,Mirikizumab Real World Protocol,N/A (Observational),"University of North Carolina, Chapel Hill",2025-05-08,N/A,N/A,no_documents,,2026-06-15T12:18:48.647132
I4V-MC-JAJK,NCT07222332,A Study of Baricitinib (LY3009104) to Preserve Beta Cell Function in Children and Adults Newly Diagnosed With Type 1 Diabetes (BARICADE-PRESERVE),Phase 3,Eli Lilly and Company,2026-02-05,N/A,N/A,no_documents,,2026-06-15T12:18:48.647199
J2A-MC-GZPJ,NCT06370728,A Drug-Drug Interaction (DDI) Study of Orforglipron With Carbamazepine in Healthy Participants,Phase 1,Eli Lilly and Company,2024-05-06,N/A,N/A,no_documents,,2026-06-15T12:18:48.647290
J2A-MC-GZPV,NCT07613307,A Study of Orforglipron (LY3502970) in Participants With Type 2 Diabetes Who Observe Ramadan Fasting,Phase 3,Eli Lilly and Company,2026-05,N/A,N/A,no_documents,,2026-06-15T12:18:48.647359
J2A-MC-GZPQ,NCT06824051,A Study of Orforglipron (LY3502970) in Adult Participants With Obesity or Overweight,Phase 1,Eli Lilly and Company,2025-02-17,N/A,N/A,no_documents,,2026-06-15T12:18:48.647463
LCCC2437-DCT,NCT06896162,PROGRESS: Precision Oncology Using Genomic Reflexive Evaluations for Study Selection and Survival,N/A,UNC Lineberger Comprehensive Cancer Center,2025-06-27,N/A,N/A,no_documents,,2026-06-15T12:18:48.647534
J2T-MC-KGBJ/DRM06-AD16,NCT05735483,A Study to Assess the Long-Term Safety and Efficacy of Lebrikizumab (LY3650150) in Participants 6 Months to <18 Years of Age With Moderate-to-Severe Atopic Dermatitis,Phase 3,Eli Lilly and Company,2023-03-09,N/A,N/A,no_documents,,2026-06-15T12:18:48.647607
J2V-MC-GZLD,NCT06557356,A Study of LY3532226 in Participants With Obesity,Phase 1,Eli Lilly and Company,2024-08-16,N/A,N/A,no_documents,,2026-06-15T12:18:48.647691
H0P-MC-NP02,NCT05177094,Chronic Pain Master Protocol (CPMP): A Study of LY3526318 in Participants With Diabetic Peripheral Neuropathic Pain,Phase 2,Eli Lilly and Company,2022-01-26,Prot,Prot_000.pdf,downloaded,lilly_trial_docs/H0P-MC-NP02_26JAN2022/Prot_Prot_000.pdf,2026-06-15T12:18:50.131608
H0P-MC-NP02,NCT05177094,Chronic Pain Master Protocol (CPMP): A Study of LY3526318 in Participants With Diabetic Peripheral Neuropathic Pain,Phase 2,Eli Lilly and Company,2022-01-26,SAP,SAP_001.pdf,downloaded,lilly_trial_docs/H0P-MC-NP02_26JAN2022/SAP_SAP_001.pdf,2026-06-15T12:18:51.504023
I5T-MC-AACM,NCT05026866,A Donanemab (LY3002813) Study in Participants With Preclinical Alzheimer's Disease (TRAILBLAZER-ALZ 3),Phase 3,Eli Lilly and Company,2021-08-27,N/A,N/A,no_documents,,2026-06-15T12:18:51.504996
J4O-MC-EZHA,NCT06148272,A Study of LY3971297 in Healthy Participants,Phase 1,Eli Lilly and Company,2023-12-07,N/A,N/A,no_documents,,2026-06-15T12:18:51.505274
J4G-OX-JZVC,NCT06641037,A Study of LY3866288 in Healthy Participants,Phase 1,Eli Lilly and Company,2024-10-17,N/A,N/A,no_documents,,2026-06-15T12:18:51.505462
J4P-MC-IYAC,NCT07215312,A Study of LY3938577 in Participants With Type 2 Diabetes Previously Treated With Basal Insulin,Phase 2,Eli Lilly and Company,2025-10-13,N/A,N/A,no_documents,,2026-06-15T12:18:51.505718
J1I-MC-GZBP,NCT06662383,A Study of Retatrutide (LY3437943) Compared to Tirzepatide (LY3298176) in Adults Who Have Obesity,Phase 3,Eli Lilly and Company,2024-11-01,N/A,N/A,no_documents,,2026-06-15T12:18:51.505935
23-131,NCT06007937,A Study of Lorlatinib in Combination With Ramucirumab in People With Lung Cancer,Phase 1/Phase 2,Memorial Sloan Kettering Cancer Center,2023-08-17,N/A,N/A,no_documents,,2026-06-15T12:18:51.506343
J2N-US-I010,NCT06553872,Phase 2 Open Label Randomized Study of Pirtobrutinib and Brexucabtagene Autoleucel in R/R MCL,Phase 2,H. Lee Moffitt Cancer Center and Research Institute,2024-08-23,N/A,N/A,no_documents,,2026-06-15T12:18:51.506592
Pro00117470,NCT07191873,Tirzepatide in Idiopathic Intracranial Hypertension Trial,Phase 4,Duke University,2026-02,N/A,N/A,no_documents,,2026-06-15T12:18:51.506778
J2A-MC-GZPO,NCT06993792,A Master Protocol for Orforglipron (LY3502970) in Participants With Obesity or Overweight With and Without Type 2 Diabetes,Phase 3,Eli Lilly and Company,2025-05-15,N/A,N/A,no_documents,,2026-06-15T12:18:51.506915
NCI-2022-02019,NCT05167409,A Study of Evorpacept (ALX148) With Cetuximab and Pembrolizumab for Refractory Microsatellite Stable Metastatic Colorectal Cancer,Phase 2,"University of Colorado, Denver",2022-07-28,N/A,N/A,no_documents,,2026-06-15T12:18:51.507061
J3E-MC-EZDA,NCT04768855,A Study of LY3540378 in Healthy Participants,Phase 1,Eli Lilly and Company,2021-03-17,N/A,N/A,no_documents,,2026-06-15T12:18:51.507216
I8H-MC-BDCX,NCT05362058,A Study of Insulin Efsitora Alfa (LY3209590) Compared to Degludec in Adults With Type 2 Diabetes Who Are Starting Basal Insulin for the First Time,Phase 3,Eli Lilly and Company,2022-06-03,Prot,Prot_000.pdf,downloaded,lilly_trial_docs/I8H-MC-BDCX_03JUN2022/Prot_Prot_000.pdf,2026-06-15T12:18:52.952370
I8H-MC-BDCX,NCT05362058,A Study of Insulin Efsitora Alfa (LY3209590) Compared to Degludec in Adults With Type 2 Diabetes Who Are Starting Basal Insulin for the First Time,Phase 3,Eli Lilly and Company,2022-06-03,SAP,SAP_001.pdf,downloaded,lilly_trial_docs/I8H-MC-BDCX_03JUN2022/SAP_SAP_001.pdf,2026-06-15T12:18:54.132708
J2S-MC-GZMO,NCT07223840,A Study of Brenipatide in Adults Who Quit Smoking Cigarettes and Want to Avoid Relapse,Phase 2,Eli Lilly and Company,2025-11-03,N/A,N/A,no_documents,,2026-06-15T12:18:54.133262
J2A-MC-GZGI,NCT05051579,A Study of LY3502970 in Participants With Obesity or Overweight With Weight-related Comorbidities,Phase 2,Eli Lilly and Company,2021-09-29,Prot,Prot_000.pdf,downloaded,lilly_trial_docs/J2A-MC-GZGI_29SEP2021/Prot_Prot_000.pdf,2026-06-15T12:18:55.752550
J2A-MC-GZGI,NCT05051579,A Study of LY3502970 in Participants With Obesity or Overweight With Weight-related Comorbidities,Phase 2,Eli Lilly and Company,2021-09-29,SAP,SAP_001.pdf,downloaded,lilly_trial_docs/J2A-MC-GZGI_29SEP2021/SAP_SAP_001.pdf,2026-06-15T12:18:57.149511
I8F-IN-GPIZ,NCT07438444,A Study of Tirzepatide (LY3298176) in Adult Participants in India With Either Type 2 Diabetes Mellitus or Obesity,Phase 4,Eli Lilly and Company,2026-02-27,N/A,N/A,no_documents,,2026-06-15T12:18:57.149973
Emgality in breast milk,NCT06085144,Emgality for Migraine in Breastmilk,N/A (Observational),"University of California, San Francisco",2024-02-26,N/A,N/A,no_documents,,2026-06-15T12:18:57.150145
J2J-MC-JZLB,NCT04647487,A Study of LY3484356 in Women With Breast Cancer Before Having Surgery,Phase 1,Eli Lilly and Company,2021-04-21,Prot,Prot_000.pdf,downloaded,lilly_trial_docs/J2J-MC-JZLB_21APR2021/Prot_Prot_000.pdf,2026-06-15T12:18:58.341775
J2J-MC-JZLB,NCT04647487,A Study of LY3484356 in Women With Breast Cancer Before Having Surgery,Phase 1,Eli Lilly and Company,2021-04-21,SAP,SAP_001.pdf,downloaded,lilly_trial_docs/J2J-MC-JZLB_21APR2021/SAP_SAP_001.pdf,2026-06-15T12:18:59.848166
NCI-2020-00677,NCT04285671,Necitumumab and Trastuzumab in Combination With Osimertinib for the Treatment of Refractory Epidermal Growth Factor Receptor (EGFR)-Mutated Stage IV Non-small Cell Lung Cancer,Phase 1/Phase 2,Jonsson Comprehensive Cancer Center,2021-01-29,N/A,N/A,no_documents,,2026-06-15T12:18:59.848678
J1A-MC-KDAI,NCT05959109,A Relative Bioavailability Study of Peresolimab (LY3462817) Formulations in Healthy Participants,Phase 1,Eli Lilly and Company,2023-07-21,N/A,N/A,no_documents,,2026-06-15T12:18:59.848828
J2G-MC-JZJZ,NCT05089019,A Study Comparing Two Formulations of Selpercatinib (LY3527723) in Healthy Participants,Phase 1,"Loxo Oncology, Inc.",2021-10-29,Prot,Prot_000.pdf,downloaded,lilly_trial_docs/J2G-MC-JZJZ_29OCT2021/Prot_Prot_000.pdf,2026-06-15T12:19:01.343955
J2G-MC-JZJZ,NCT05089019,A Study Comparing Two Formulations of Selpercatinib (LY3527723) in Healthy Participants,Phase 1,"Loxo Oncology, Inc.",2021-10-29,SAP,SAP_001.pdf,downloaded,lilly_trial_docs/J2G-MC-JZJZ_29OCT2021/SAP_SAP_001.pdf,2026-06-15T12:19:02.746362
H0P-MC-NP05,NCT05620576,A Chronic Pain Master Protocol (CPMP): A Study of LY3857210 in Participants With Diabetic Peripheral Neuropathic Pain (NP05).,Phase 2,Eli Lilly and Company,2022-11-14,Prot,Prot_000.pdf,downloaded,lilly_trial_docs/H0P-MC-NP05_14NOV2022/Prot_Prot_000.pdf,2026-06-15T12:19:03.908401
H0P-MC-NP05,NCT05620576,A Chronic Pain Master Protocol (CPMP): A Study of LY3857210 in Participants With Diabetic Peripheral Neuropathic Pain (NP05).,Phase 2,Eli Lilly and Company,2022-11-14,SAP,SAP_001.pdf,downloaded,lilly_trial_docs/H0P-MC-NP05_14NOV2022/SAP_SAP_001.pdf,2026-06-15T12:19:04.968037
J2N-OX-JZNU,NCT05254743,A Study of Pirtobrutinib (LOXO-305) Versus Ibrutinib in Participants With Chronic Lymphocytic Leukemia (CLL)/Small Lymphocytic Lymphoma (SLL),Phase 3,"Loxo Oncology, Inc.",2022-07-22,N/A,N/A,no_documents,,2026-06-15T12:19:04.968370
HCI198712,NCT07548450,Mosunetuzumab in Combination With Pirtobrutinib in Patients With Relapsed or Refractory Waldenstrom Macroglobulinemia (MPOWER),Phase 2,University of Utah,2026-06,N/A,N/A,no_documents,,2026-06-15T12:19:04.968519
F3Z-MC-IORN,NCT04667182,A Study of Glucose Control in Participants With Type 1 and Type 2 Diabetes,N/A (Observational),Eli Lilly and Company,2021-01-25,N/A,N/A,no_documents,,2026-06-15T12:19:04.968623
J3G-MC-S003,NCT05154968,A Study of Two Formulations (Both Refrigerated and Room Temperature) Using an Autoinjector Device in Healthy Participants,Phase 1,Eli Lilly and Company,2021-11-24,N/A,N/A,no_documents,,2026-06-15T12:19:04.968710
J1I-MC-GZBK,NCT05929079,A Study of Retatrutide (LY3437943) in Participants With Type 2 Diabetes Mellitus Who Have Obesity or Overweight,Phase 3,Eli Lilly and Company,2023-07-11,N/A,N/A,no_documents,,2026-06-15T12:19:04.968801
J1I-MC-GZBO,NCT06383390,The Effect of Retatrutide Once Weekly on Cardiovascular Outcomes and Kidney Outcomes in Adults Living With Obesity (TRIUMPH-Outcomes),Phase 3,Eli Lilly and Company,2024-04-30,N/A,N/A,no_documents,,2026-06-15T12:19:04.968896
I6T-MC-AMBA,NCT05784246,A Study of Mirikizumab (LY3074828) in Pediatric Participants With Moderately to Severely or Active Ulcerative Colitis,Phase 3,Eli Lilly and Company,2023-11-22,N/A,N/A,no_documents,,2026-06-15T12:19:04.969003
H6O-MC-O017,NCT05692869,A Study of Continuous Blood Pressure Monitoring in Healthy Participants,N/A,Eli Lilly and Company,2023-01-31,N/A,N/A,no_documents,,2026-06-15T12:19:04.969086
J3K-MC-KIAB,NCT06220669,A Study of LY3541860 in Adult Participants With Relapsing Multiple Sclerosis,Phase 2,Eli Lilly and Company,2024-03-19,N/A,N/A,no_documents,,2026-06-15T12:19:04.969156
J3F-MC-EZCC,NCT07269210,A Study of Solbinsiran (LY3561774) in Participants With Severe Hypertriglyceridemia,Phase 2,Eli Lilly and Company,2025-12-08,N/A,N/A,no_documents,,2026-06-15T12:19:04.969235
I6T-MC-AMBX,NCT05069896,A Study to Compare Two Formulations of Mirikizumab (LY3074828) in Healthy Participants,Phase 1,Eli Lilly and Company,2021-10-05,Prot,Prot_000.pdf,downloaded,lilly_trial_docs/I6T-MC-AMBX_05OCT2021/Prot_Prot_000.pdf,2026-06-15T12:19:06.568634
I6T-MC-AMBX,NCT05069896,A Study to Compare Two Formulations of Mirikizumab (LY3074828) in Healthy Participants,Phase 1,Eli Lilly and Company,2021-10-05,SAP,SAP_001.pdf,downloaded,lilly_trial_docs/I6T-MC-AMBX_05OCT2021/SAP_SAP_001.pdf,2026-06-15T12:19:07.776202
J1I-MC-GZBS,NCT05959096,A Study of LY3437943 in Healthy Participants With a High Body Mass Index,Phase 1,Eli Lilly and Company,2023-07-18,N/A,N/A,no_documents,,2026-06-15T12:19:07.776945
J2V-MC-GZLB,NCT05407961,A Study of LY3532226 in Participants With Type 2 Diabetes Mellitus,Phase 1,Eli Lilly and Company,2022-06-07,N/A,N/A,no_documents,,2026-06-15T12:19:07.777143
J2J-MC-JZLD,NCT04840888,A Study of LY3484356 in Healthy Female Participants,Phase 1,Eli Lilly and Company,2021-04-26,Prot,Prot_000.pdf,downloaded,lilly_trial_docs/J2J-MC-JZLD_26APR2021/Prot_Prot_000.pdf,2026-06-15T12:19:09.024019
J2J-MC-JZLD,NCT04840888,A Study of LY3484356 in Healthy Female Participants,Phase 1,Eli Lilly and Company,2021-04-26,SAP,SAP_001.pdf,downloaded,lilly_trial_docs/J2J-MC-JZLD_26APR2021/SAP_SAP_001.pdf,2026-06-15T12:19:10.276481
I3Y-IN-JPEC,NCT04707196,A Study of Abemaciclib in Indian Women With Advanced Breast Cancer,Phase 4,Eli Lilly and Company,2021-02-22,Prot,Prot_000.pdf,downloaded,lilly_trial_docs/I3Y-IN-JPEC_22FEB2021/Prot_Prot_000.pdf,2026-06-15T12:19:11.713191
I3Y-IN-JPEC,NCT04707196,A Study of Abemaciclib in Indian Women With Advanced Breast Cancer,Phase 4,Eli Lilly and Company,2021-02-22,SAP,SAP_001.pdf,downloaded,lilly_trial_docs/I3Y-IN-JPEC_22FEB2021/SAP_SAP_001.pdf,2026-06-15T12:19:12.717436
J1A-MC-KDAF,NCT05516758,A Study of Peresolimab (LY3462817) in Participants With Moderately-to-Severely Active Rheumatoid Arthritis,Phase 2,Eli Lilly and Company,2022-08-31,Prot,Prot_000.pdf,downloaded,lilly_trial_docs/J1A-MC-KDAF_31AUG2022/Prot_Prot_000.pdf,2026-06-15T12:19:13.974669
J1A-MC-KDAF,NCT05516758,A Study of Peresolimab (LY3462817) in Participants With Moderately-to-Severely Active Rheumatoid Arthritis,Phase 2,Eli Lilly and Company,2022-08-31,SAP,SAP_001.pdf,downloaded,lilly_trial_docs/J1A-MC-KDAF_31AUG2022/SAP_SAP_001.pdf,2026-06-15T12:19:15.148256
J2S-MC-GZMM,NCT07165015,A Study of Pharmacokinetics and Safety of LY3537031 in Participants With Normal Renal Function and Participants With Renal Impairment,Phase 1,Eli Lilly and Company,2025-09-18,N/A,N/A,no_documents,,2026-06-15T12:19:15.148986
2025-4343,NCT07472608,Obesity Medicine Bank of the Quebec Heart and Lung Institute - Laval University (IUCPQ-ULaval),N/A (Observational),"Institut universitaire de cardiologie et de pneumologie de Québec, University Laval",2026-06-01,N/A,N/A,no_documents,,2026-06-15T12:19:15.149178
NCI-2023-05595,NCT06025747,A Phase 1 Study of Neoadjuvant Abemaciclib in Combination With Radiation Therapy for Liposarcomas,Phase 1,University of Washington,2025-03-19,N/A,N/A,no_documents,,2026-06-15T12:19:15.149342
A-40195,NCT06989281,Evaluation of a Primary Care Based Lifestyle Medicine Clinic at UAB,N/A,University of Alabama at Birmingham,2025-05-03,N/A,N/A,no_documents,,2026-06-15T12:19:15.149491
I8H-MC-BDDD,NCT05615532,A Relative Bioavailability Study of LY3209590 in Healthy Participants,Phase 1,Eli Lilly and Company,2022-11-11,N/A,N/A,no_documents,,2026-06-15T12:19:15.149611
J3P-MC-FTAB,NCT05222399,A Study of LY3871801 in Healthy Participants,Phase 1,Eli Lilly and Company,2022-02-04,N/A,N/A,no_documents,,2026-06-15T12:19:15.149729
I6T-MC-AMCE,NCT06937099,Mirikizumab and Tirzepatide Administered in Adult Participants With Moderately to Severely Active Crohn's Disease and Obesity or Overweight,Phase 3,Eli Lilly and Company,2025-06-26,N/A,N/A,no_documents,,2026-06-15T12:19:15.149801
J3R-MC-YDAC,NCT06345066,A Study of LY3841136 in Overweight and Obese Participants,Phase 1,Eli Lilly and Company,2024-04-03,N/A,N/A,no_documents,,2026-06-15T12:19:15.149986
NCI-2021-11123,NCT05113537,Abemaciclib Before 177Lu-PSMA-617 for the Treatment of Metastatic Castrate Resistant Prostate Cancer,Phase 1/Phase 2,Vadim S Koshkin,2022-07-08,N/A,N/A,no_documents,,2026-06-15T12:19:15.150108
23-429,NCT06043674,"Phase 2 Study of Glofitamab Monotherapy & With Polatuzumab Vedotin, Pirtobrutinib, or Atezolizumab in Richter's Transformation",Phase 2,Christine Ryan,2024-01-22,N/A,N/A,no_documents,,2026-06-15T12:19:15.150170
J4M-MC-PWMP,NCT06672549,A Platform Trial for Pediatric Participants With Obesity or Overweight (LY900040),Phase 3,Eli Lilly and Company,2024-11-18,N/A,N/A,no_documents,,2026-06-15T12:19:15.150247
J6V-MC-OIAB,NCT07339722,A Study of LY4515100 in Healthy Participants,Phase 1,Eli Lilly and Company,2026-01-15,N/A,N/A,no_documents,,2026-06-15T12:19:15.150316
I8F-MC-GPIU,NCT05963022,A Study of Tirzepatide (LY3298176) in Chinese Participants With Type 2 Diabetes (SURPASS-CN-MONO),Phase 3,Eli Lilly and Company,2023-08-21,Prot,Prot_000.pdf,downloaded,lilly_trial_docs/I8F-MC-GPIU_21AUG2023/Prot_Prot_000.pdf,2026-06-15T12:19:16.522193
I8F-MC-GPIU,NCT05963022,A Study of Tirzepatide (LY3298176) in Chinese Participants With Type 2 Diabetes (SURPASS-CN-MONO),Phase 3,Eli Lilly and Company,2023-08-21,SAP,SAP_001.pdf,downloaded,lilly_trial_docs/I8F-MC-GPIU_21AUG2023/SAP_SAP_001.pdf,2026-06-15T12:19:17.524179
J2N-MC-KLAA,NCT06104683,A Study of Pirtobrutinib (LY3527727 [LOXO-305]) Versus Placebo in Participants With Relapsing Multiple Sclerosis,Phase 2,"Loxo Oncology, Inc.",2024-05-01,N/A,N/A,no_documents,,2026-06-15T12:19:17.524401
I8F-MC-GPHL,NCT04657003,A Study of Tirzepatide (LY3298176) in Participants With Type 2 Diabetes Who Have Obesity or Are Overweight,Phase 3,Eli Lilly and Company,2021-03-29,Prot,Prot_000.pdf,downloaded,lilly_trial_docs/I8F-MC-GPHL_29MAR2021/Prot_Prot_000.pdf,2026-06-15T12:19:19.009282
I8F-MC-GPHL,NCT04657003,A Study of Tirzepatide (LY3298176) in Participants With Type 2 Diabetes Who Have Obesity or Are Overweight,Phase 3,Eli Lilly and Company,2021-03-29,SAP,SAP_001.pdf,downloaded,lilly_trial_docs/I8F-MC-GPHL_29MAR2021/SAP_SAP_001.pdf,2026-06-15T12:19:20.189176
J1I-MC-GZBJ,NCT05929066,A Study of Retatrutide (LY3437943) in Participants Who Have Obesity or Overweight,Phase 3,Eli Lilly and Company,2023-07-10,N/A,N/A,no_documents,,2026-06-15T12:19:20.189448
J2J-MC-JZLH,NCT05514054,A Study of Imlunestrant Versus Standard Endocrine Therapy in Participants With Early Breast Cancer,Phase 3,Eli Lilly and Company,2022-10-04,N/A,N/A,no_documents,,2026-06-15T12:19:20.189591
STU-2020-1043,NCT04614194,Single Cell Immune and Non-immune Correlates of Response to Neoadjuvant Abemaciclib,Phase 2,University of Texas Southwestern Medical Center,2021-04-15,N/A,N/A,no_documents,,2026-06-15T12:19:20.189676
PRO00028925,NCT05305924,"Fulvestrant+Abemaciclib With Run-In of Fulvestrant in Er-Positive, Her2-Negative Metastatic Breast Cancer",Phase 2,The Methodist Hospital Research Institute,2021-02-25,N/A,N/A,no_documents,,2026-06-15T12:19:20.189742
J3H-JE-GZNG,NCT06869018,A Study of LY3549492 in Japanese Participants With Type 2 Diabetes Mellitus (T2D) and Healthy Japanese Participants,Phase 1,Eli Lilly and Company,2025-05-07,N/A,N/A,no_documents,,2026-06-15T12:19:20.189805
GN24RH568,NCT07443956,Combination of Biologic and Anti-obesity Therapies in Psoriatic Arthritis,N/A,NHS Greater Glasgow and Clyde,2026-03-09,N/A,N/A,no_documents,,2026-06-15T12:19:20.189900
J1I-MC-GZBE,NCT05548231,A Study of LY3437943 in Chinese Participants With Obesity Or Overweight,Phase 1,Eli Lilly and Company,2022-10-24,N/A,N/A,no_documents,,2026-06-15T12:19:20.189985
J2O-MC-EKBE,NCT05778864,A Study of LY3473329 in Participants With Impaired and Normal Renal Function,Phase 1,Eli Lilly and Company,2023-03-17,N/A,N/A,no_documents,,2026-06-15T12:19:20.190088
J2S-MC-GZMN,NCT07202871,A Study of How the Body Absorbs LY3537031,Phase 1,Eli Lilly and Company,2025-11-03,N/A,N/A,no_documents,,2026-06-15T12:19:20.190142
J5D-MC-FPAC,NCT07533006,A Study of LY4005130 in Adult Participants With Severe Alopecia Areata (Hair Loss),Phase 2,Eli Lilly and Company,2026-04-14,N/A,N/A,no_documents,,2026-06-15T12:19:20.190210
J7A-MC-NGAA,NCT07566338,A Study of LY4302814 in Healthy Participants,Phase 1,Eli Lilly and Company,2026-05,N/A,N/A,no_documents,,2026-06-15T12:19:20.190279
J4D-MC-EZFA,NCT05609825,A Study of LY3875383 in Healthy Participants and Participants With Hypertriglyceridemia,Phase 1,Eli Lilly and Company,2022-11-14,N/A,N/A,no_documents,,2026-06-15T12:19:20.190346
J2A-MC-GZPW,NCT07241390,A Study of Orforglipron (LY3502970) on Cardiovascular Outcomes in Adults With Atherosclerotic Cardiovascular Disease and/or Chronic Kidney Disease (ATTAIN-Outcomes),Phase 3,Eli Lilly and Company,2025-12-01,N/A,N/A,no_documents,,2026-06-15T12:19:20.190407
J5T-OX-JXCA,NCT04647526,Study Evaluating mCRPC Treatment Using PSMA [Lu-177]-PNT2002 Therapy After Second-line Hormonal Treatment,Phase 3,"POINT Biopharma, a wholly owned subsidiary of Eli Lilly and Company",2021-02-25,Prot,Prot_000.pdf,downloaded,lilly_trial_docs/J5T-OX-JXCA_25FEB2021/Prot_Prot_000.pdf,2026-06-15T12:19:21.942559
J5T-OX-JXCA,NCT04647526,Study Evaluating mCRPC Treatment Using PSMA [Lu-177]-PNT2002 Therapy After Second-line Hormonal Treatment,Phase 3,"POINT Biopharma, a wholly owned subsidiary of Eli Lilly and Company",2021-02-25,SAP,SAP_001.pdf,downloaded,lilly_trial_docs/J5T-OX-JXCA_25FEB2021/SAP_SAP_001.pdf,2026-06-15T12:19:23.501309
AK-antiVegf-LTFU,NCT07503613,Long Term Follow-up Study of AAVAnc80-antiVEGF Gene Therapy,N/A (Observational),"Akouos, Inc.",2026-03-02,N/A,N/A,no_documents,,2026-06-15T12:19:23.501775
J2A-MC-GZGN,NCT05841238,A Multiple Dose Study of LY3502970 in Healthy Overweight and Obese Participants,Phase 1,Eli Lilly and Company,2023-04-26,N/A,N/A,no_documents,,2026-06-15T12:19:23.501956
J3M-MC-JZQM,NCT07439250,A Study of Olomorasib (LY3537982) in Healthy Participants,Phase 1,Eli Lilly and Company,2026-03-02,N/A,N/A,no_documents,,2026-06-15T12:19:23.502050
J2A-JE-GZPD,NCT05931380,A Study of Once-Daily Oral Orforglipron (LY3502970) in Japanese Adult Participants With Obesity Disease,Phase 3,Eli Lilly and Company,2023-07-31,N/A,N/A,no_documents,,2026-06-15T12:19:23.502114
I5T-MC-AACW,NCT07571161,Donanemab (LY3002813) Trial in Chinese Participants With Cognitively Unimpaired (Preclinical) Alzheimer's Disease,Phase 3,Eli Lilly and Company,2026-04,N/A,N/A,no_documents,,2026-06-15T12:19:23.502180
CEI-001-20181109,NCT04974333,Development of an Information Board and Mobile Application for the Care of Type 2 Diabetes,N/A,"General Health Council, Mexico",2021-10-04,N/A,N/A,no_documents,,2026-06-15T12:19:23.502254
I8B-MC-ITTA,NCT06370715,A Study of LY900014 in Adult Participants With Type 2 Diabetes Mellitus in India,Phase 4,Eli Lilly and Company,2024-04-18,N/A,N/A,no_documents,,2026-06-15T12:19:23.502310
J3R-JE-YDAB,NCT06297616,A Study of LY3841136 in Japanese Participants With Obesity or Overweight,Phase 1,Eli Lilly and Company,2024-04-15,N/A,N/A,no_documents,,2026-06-15T12:19:23.502375
J6M-MC-JSGB,NCT06901336,A Study of LY4064809 [14C]-STX-478 in Healthy Male Participants,Phase 1,"Scorpion Therapeutics, a wholly owned subsidiary of Eli Lilly and Company",2025-03-20,N/A,N/A,no_documents,,2026-06-15T12:19:23.502432
J5C-MC-FOAD,NCT06937411,"A Phase I Study to Evaluate the Safety, Tolerability, and Pharmacokinetics of DC-853 in Healthy Participants",Phase 1,Eli Lilly and Company,2023-02-13,N/A,N/A,no_documents,,2026-06-15T12:19:23.502481
I4V-MC-JAJJ,NCT07222137,A Study of Baricitinib (LY3009104) for the Delay of Stage 3 Type 1 Diabetes in At-Risk Children and Adults,Phase 3,Eli Lilly and Company,2026-01-12,N/A,N/A,no_documents,,2026-06-15T12:19:23.502538
I8B-MC-ITTC,NCT05067270,A Study of Infusion Site Pain After Infusion of Excipients in Participants With Type 1 Diabetes Mellitus,Phase 1,Eli Lilly and Company,2021-10-22,Prot,Prot_000.pdf,downloaded,lilly_trial_docs/I8B-MC-ITTC_22OCT2021/Prot_Prot_000.pdf,2026-06-15T12:19:25.059101
I8B-MC-ITTC,NCT05067270,A Study of Infusion Site Pain After Infusion of Excipients in Participants With Type 1 Diabetes Mellitus,Phase 1,Eli Lilly and Company,2021-10-22,SAP,SAP_001.pdf,downloaded,lilly_trial_docs/I8B-MC-ITTC_22OCT2021/SAP_SAP_001.pdf,2026-06-15T12:19:26.571326
J3P-MC-FTAC,NCT05960851,A Study of LY3871801 in Healthy Asian and Non-Asian Participants,Phase 1,Eli Lilly and Company,2023-08-09,N/A,N/A,no_documents,,2026-06-15T12:19:26.571713
J2T-MC-KGBV,NCT06243198,A Study to Investigate the Safety and Pharmacokinetics of Lebrikizumab in Healthy Chinese Participants,Phase 1,Eli Lilly and Company,2024-03-28,Prot,Prot_000.pdf,downloaded,lilly_trial_docs/J2T-MC-KGBV_28MAR2024/Prot_Prot_000.pdf,2026-06-15T12:19:27.788842
J2T-MC-KGBV,NCT06243198,A Study to Investigate the Safety and Pharmacokinetics of Lebrikizumab in Healthy Chinese Participants,Phase 1,Eli Lilly and Company,2024-03-28,SAP,SAP_001.pdf,downloaded,lilly_trial_docs/J2T-MC-KGBV_28MAR2024/SAP_SAP_001.pdf,2026-06-15T12:19:28.986851
202107009,NCT05263505,Baricitinib for the Treatment of Ocular Mucous Membrane Pemphigoid,Phase 2,Washington University School of Medicine,2022-02-21,Prot_SAP,Prot_SAP_000.pdf,downloaded,lilly_trial_docs/202107009_21FEB2022/Prot_SAP_Prot_SAP_000.pdf,2026-06-15T12:19:29.976946
